GEO_ID,B19013_E001,B19013_M001
0400000US06,99122,310
0500000US06001,129367,1284
0500000US06003,105521,8542
0500000US06005,88044,4389
0500000US06007,67928,2444
0500000US06009,78647,6007
0500000US06011,75672,6385
0500000US06013,127229,1713
0500000US06015,67058,6573
0500000US06017,108845,3035
0500000US06019,74201,1322
0500000US06021,67139,5144
0500000US06023,61160,1660
0500000US06025,57681,2564
0500000US06027,73991,4815
0500000US06029,70210,1287
0500000US06031,70995,2735
0500000US06033,60621,2557
0500000US06035,67403,3407
0500000US06037,90112,392
0500000US06039,76627,3129
0500000US06041,149091,4474
0500000US06043,68412,6365
0500000US06045,68092,3254
0500000US06047,65510,2304
0500000US06049,59455,6095
0500000US06051,99415,18554
0500000US06053,97230,1883
0500000US06055,111471,4025
0500000US06057,89882,3998
0500000US06059,116289,871
0500000US06061,115998,2483
0500000US06063,66031,6182
0500000US06065,93074,1015
0500000US06067,92175,1010
0500000US06069,114394,5136
0500000US06071,85478,924
0500000US06073,106268,949
0500000US06075,140970,2593
0500000US06077,92179,1619
0500000US06079,97446,2876
0500000US06081,158855,2851
0500000US06083,98161,2430
0500000US06085,164281,1955
0500000US06087,111093,2734
0500000US06089,72636,1972
0500000US06091,63355,21034
0500000US06093,59095,3737
0500000US06095,100401,2108
0500000US06097,104674,2030
0500000US06099,81468,1473
0500000US06101,79704,5306
0500000US06103,63784,3435
0500000US06105,53002,8924
0500000US06107,71300,1532
0500000US06109,77404,5095
0500000US06111,109797,1753
0500000US06113,91752,3365
0500000US06115,76373,4587
1400000US06001400100,250001,-333333333
1400000US06001400200,208438,35560
1400000US06001400300,176618,34769
1400000US06001400400,165134,20483
1400000US06001400500,96641,45132
1400000US06001400600,139238,23983
1400000US06001400700,127083,28266
1400000US06001400800,145978,34675
1400000US06001400900,115673,44050
1400000US06001401000,136728,26870
1400000US06001401100,96599,9416
1400000US06001401200,123750,37191
1400000US06001401300,106938,9391
1400000US06001401400,70208,32624
1400000US06001401500,78598,32308
1400000US06001401600,174414,35826
1400000US06001401700,148387,8707
1400000US06001401800,68299,10272
1400000US06001402200,125351,52156
1400000US06001402400,40741,13862
1400000US06001402500,36000,22742
1400000US06001402600,47940,2816
1400000US06001402700,88958,72785
1400000US06001402801,50469,32535
1400000US06001402802,19981,6393
1400000US06001402900,66050,11193
1400000US06001403000,58794,16880
1400000US06001403100,139375,53763
1400000US06001403301,40720,9578
1400000US06001403302,144813,11881
1400000US06001403401,70472,16002
1400000US06001403402,103362,8199
1400000US06001403501,127997,15979
1400000US06001403502,115000,24417
1400000US06001403600,103459,7764
1400000US06001403701,94366,12107
1400000US06001403702,117470,12126
1400000US06001403800,159917,18905
1400000US06001403900,107219,44605
1400000US06001404000,92500,16566
1400000US06001404101,125729,21794
1400000US06001404102,110920,12116
1400000US06001404200,250001,-333333333
1400000US06001404300,232386,38993
1400000US06001404400,231597,34367
1400000US06001404501,250001,-333333333
1400000US06001404502,250001,-333333333
1400000US06001404600,233194,32059
1400000US06001404700,250001,-333333333
1400000US06001404800,101607,52147
1400000US06001404900,132849,30662
1400000US06001405000,136406,20632
1400000US06001405100,250001,-333333333
1400000US06001405200,131563,22055
1400000US06001405301,110913,18350
1400000US06001405302,61806,13070
1400000US06001405401,76071,13875
1400000US06001405402,38552,21429
1400000US06001405500,92837,17109
1400000US06001405600,95455,12183
1400000US06001405700,89500,28276
1400000US06001405800,68378,13693
1400000US06001405901,53233,13128
1400000US06001405902,78438,11493
1400000US06001406000,60441,13912
1400000US06001406100,73267,9136
1400000US06001406201,74635,16454
1400000US06001406202,68160,23665
1400000US06001406300,68399,13670
1400000US06001406400,80104,32578
1400000US06001406500,75969,15678
1400000US06001406601,80729,11347
1400000US06001406602,74551,13863
1400000US06001406700,134087,40427
1400000US06001406800,127966,15449
1400000US06001406900,166579,25041
1400000US06001407000,70956,28699
1400000US06001407101,68636,11116
1400000US06001407102,83125,48009
1400000US06001407200,75993,18321
1400000US06001407300,81917,22120
1400000US06001407400,70991,39119
1400000US06001407500,70588,29071
1400000US06001407600,75132,25165
1400000US06001407700,128011,12410
1400000US06001407800,105179,44731
1400000US06001407900,89987,30118
1400000US06001408000,216989,38697
1400000US06001408100,189891,50131
1400000US06001408200,86624,16946
1400000US06001408300,148950,28226
1400000US06001408400,76528,20188
1400000US06001408500,57303,18129
1400000US06001408600,77083,24913
1400000US06001408700,53116,17660
1400000US06001408800,42759,15066
1400000US06001408900,48125,12434
1400000US06001409000,75987,32889
1400000US06001409100,85707,20426
1400000US06001409200,85769,6149
1400000US06001409300,68859,12746
1400000US06001409400,88707,5491
1400000US06001409500,69583,36933
1400000US06001409600,62903,8408
1400000US06001409700,37237,14279
1400000US06001409800,115650,31371
1400000US06001409900,203385,22491
1400000US06001410000,188203,31944
1400000US06001410100,86813,37584
1400000US06001410200,81075,15791
1400000US06001410300,61914,23790
1400000US06001410400,108438,50935
1400000US06001410500,58991,23144
1400000US06001420100,197813,49753
1400000US06001420200,164063,21400
1400000US06001420301,129667,22963
1400000US06001420302,131964,17967
1400000US06001420401,92344,33446
1400000US06001420402,98059,19735
1400000US06001420500,137105,18283
1400000US06001420600,199091,54708
1400000US06001421100,250001,-333333333
1400000US06001421200,250001,-333333333
1400000US06001421300,148235,40238
1400000US06001421400,226250,59369
1400000US06001421500,226181,36787
1400000US06001421600,232344,44168
1400000US06001421700,115139,31170
1400000US06001421800,183467,6587
1400000US06001421900,154219,70028
1400000US06001422000,116779,27224
1400000US06001422100,139250,31031
1400000US06001422200,99379,10900
1400000US06001422300,86071,22667
1400000US06001422400,88902,20498
1400000US06001422500,53041,19840
1400000US06001422700,-666666666,-222222222
1400000US06001422800,32026,14661
1400000US06001422901,35917,22158
1400000US06001422902,60078,41568
1400000US06001423000,110536,37119
1400000US06001423100,54787,14265
1400000US06001423200,60563,16888
1400000US06001423300,101571,19636
1400000US06001423400,145789,70878
1400000US06001423500,103702,22429
1400000US06001423601,166310,27394
1400000US06001423602,53952,19702
1400000US06001423700,95833,21992
1400000US06001423800,184871,22832
1400000US06001423901,136607,54726
1400000US06001423902,165893,52231
1400000US06001424001,82125,19755
1400000US06001424002,105813,43691
1400000US06001425101,95435,25798
1400000US06001425102,134044,18154
1400000US06001425103,126111,35798
1400000US06001425104,101341,45260
1400000US06001426100,250001,-333333333
1400000US06001426200,250001,-333333333
1400000US06001427100,233846,37522
1400000US06001427200,110926,38826
1400000US06001427300,141594,44149
1400000US06001427600,99561,7678
1400000US06001427700,107083,38673
1400000US06001427800,143636,29890
1400000US06001427900,111713,12168
1400000US06001428000,91354,14906
1400000US06001428100,166274,13889
1400000US06001428200,120875,43824
1400000US06001428301,177551,37880
1400000US06001428302,192198,53179
1400000US06001428400,108681,26940
1400000US06001428500,169125,35663
1400000US06001428600,128500,33386
1400000US06001428700,191528,54118
1400000US06001430101,214477,4751
1400000US06001430102,192426,24621
1400000US06001430200,181136,33407
1400000US06001430300,175772,34181
1400000US06001430400,193958,44141
1400000US06001430500,114408,21284
1400000US06001430600,193606,28686
1400000US06001430700,145521,38814
1400000US06001430800,106016,21851
1400000US06001430900,120000,23044
1400000US06001431000,103750,18383
1400000US06001431100,106473,25717
1400000US06001431200,122872,46720
1400000US06001432100,188409,31803
1400000US06001432200,85000,15750
1400000US06001432300,147188,37250
1400000US06001432400,100000,18473
1400000US06001432501,112059,21133
1400000US06001432502,104089,13893
1400000US06001432601,91835,13770
1400000US06001432602,105750,33506
1400000US06001432700,133850,48296
1400000US06001432800,134211,18367
1400000US06001433000,102555,13736
1400000US06001433102,106563,26374
1400000US06001433103,78081,27874
1400000US06001433104,74589,18818
1400000US06001433200,95048,7480
1400000US06001433300,102841,16510
1400000US06001433400,135536,55288
1400000US06001433500,79868,24853
1400000US06001433600,98508,34609
1400000US06001433700,84107,17920
1400000US06001433801,102500,28699
1400000US06001433802,90739,30777
1400000US06001433900,80854,8298
1400000US06001434000,52160,18236
1400000US06001435102,134902,35713
1400000US06001435103,189638,38671
1400000US06001435104,123049,44094
1400000US06001435200,142574,32858
1400000US06001435300,104909,25251
1400000US06001435400,113177,29960
1400000US06001435500,77981,21055
1400000US06001435601,76895,27493
1400000US06001435602,86447,15596
1400000US06001435700,103106,33959
1400000US06001435800,118835,12575
1400000US06001435900,117891,21474
1400000US06001436000,128333,34715
1400000US06001436100,99000,22728
1400000US06001436200,90595,25398
1400000US06001436301,187333,63708
1400000US06001436302,96233,7635
1400000US06001436402,176750,25049
1400000US06001436403,90764,31825
1400000US06001436404,158171,20047
1400000US06001436500,91341,25109
1400000US06001436601,72201,20777
1400000US06001436602,92646,14315
1400000US06001436700,127652,45474
1400000US06001436800,100163,21055
1400000US06001436900,107292,19828
1400000US06001437000,148750,45831
1400000US06001437101,156462,41360
1400000US06001437102,82147,21343
1400000US06001437200,101250,21424
1400000US06001437300,64935,39398
1400000US06001437400,124800,26229
1400000US06001437500,89688,33306
1400000US06001437600,106528,31497
1400000US06001437701,79913,11539
1400000US06001437702,88482,24329
1400000US06001437800,123125,30875
1400000US06001437900,97143,21181
1400000US06001438000,132361,36472
1400000US06001438100,169833,41629
1400000US06001438201,101641,18652
1400000US06001438203,112727,56582
1400000US06001438204,106270,14310
1400000US06001438300,163906,19788
1400000US06001438400,105987,10882
1400000US06001440100,111607,26083
1400000US06001440200,112962,14553
1400000US06001440301,112458,53164
1400000US06001440304,119732,36395
1400000US06001440305,179231,61311
1400000US06001440306,100417,13246
1400000US06001440307,127202,48232
1400000US06001440308,98068,35791
1400000US06001440331,114126,12210
1400000US06001440332,158050,46114
1400000US06001440333,114760,11277
1400000US06001440334,166875,37459
1400000US06001440336,153699,18260
1400000US06001440337,250001,-333333333
1400000US06001440338,138204,11289
1400000US06001441100,169113,33569
1400000US06001441200,175000,12560
1400000US06001441301,183449,24257
1400000US06001441302,203786,35606
1400000US06001441401,192500,42332
1400000US06001441402,177472,61362
1400000US06001441501,230417,27516
1400000US06001441503,250001,-333333333
1400000US06001441521,199254,27801
1400000US06001441522,208160,32897
1400000US06001441523,184936,18768
1400000US06001441524,250001,-333333333
1400000US06001441525,230268,59578
1400000US06001441601,164167,71093
1400000US06001441602,137413,18670
1400000US06001441701,164306,104919
1400000US06001441702,113125,39190
1400000US06001441800,184019,12071
1400000US06001441921,159012,15417
1400000US06001441923,130725,9599
1400000US06001441924,190826,13680
1400000US06001441926,118083,24637
1400000US06001441927,149056,12601
1400000US06001441928,167083,31645
1400000US06001441929,121434,60794
1400000US06001442000,227011,13188
1400000US06001442100,243370,10398
1400000US06001442200,250001,-333333333
1400000US06001442301,146623,21416
1400000US06001442302,119745,51366
1400000US06001442400,125179,26619
1400000US06001442501,126875,29290
1400000US06001442502,140069,34371
1400000US06001442601,137051,56254
1400000US06001442602,146908,66439
1400000US06001442700,209625,19647
1400000US06001442800,179844,35373
1400000US06001442900,172308,28031
1400000US06001443001,158095,36820
1400000US06001443002,135313,38100
1400000US06001443102,249375,23454
1400000US06001443103,250001,-333333333
1400000US06001443104,210369,15152
1400000US06001443105,248185,26790
1400000US06001443200,250001,-333333333
1400000US06001443301,250001,-333333333
1400000US06001443321,145313,29012
1400000US06001443322,207083,29419
1400000US06001444100,167523,37425
1400000US06001444200,133646,13224
1400000US06001444301,201815,39121
1400000US06001444303,-666666666,-222222222
1400000US06001444304,248029,29887
1400000US06001444400,102853,16759
1400000US06001444500,163114,18782
1400000US06001444601,224722,52288
1400000US06001444602,202619,19881
1400000US06001450101,146000,26565
1400000US06001450102,239250,58812
1400000US06001450200,132208,27866
1400000US06001450300,155423,27142
1400000US06001450400,201458,39096
1400000US06001450501,175000,49300
1400000US06001450502,222156,32314
1400000US06001450601,231696,48077
1400000US06001450603,225385,23640
1400000US06001450604,167460,30238
1400000US06001450605,198500,33648
1400000US06001450606,238723,33269
1400000US06001450607,103682,17109
1400000US06001450608,219329,79773
1400000US06001450609,168972,14797
1400000US06001450701,250001,-333333333
1400000US06001450741,203321,38602
1400000US06001450742,153900,51116
1400000US06001450743,169415,14370
1400000US06001450744,216992,40746
1400000US06001450745,198147,27793
1400000US06001450746,212607,45396
1400000US06001450750,167063,40623
1400000US06001450751,250001,-333333333
1400000US06001450752,250001,-333333333
1400000US06001451102,250001,-333333333
1400000US06001451103,250001,-333333333
1400000US06001451104,183846,45070
1400000US06001451201,110964,27218
1400000US06001451202,178984,33331
1400000US06001451300,158762,24531
1400000US06001451401,120610,36313
1400000US06001451403,178516,36859
1400000US06001451404,121912,31424
1400000US06001451501,176042,23420
1400000US06001451503,182452,26393
1400000US06001451504,206136,47146
1400000US06001451505,239318,40959
1400000US06001451506,119757,43805
1400000US06001451601,208031,22235
1400000US06001451602,138837,20798
1400000US06001451701,218443,28276
1400000US06001451703,208028,21740
1400000US06001451704,158981,19127
1400000US06001981900,-666666666,-222222222
1400000US06001982000,137750,38349
1400000US06001982100,152250,123669
1400000US06001983200,196688,51818
1400000US06001990000,-666666666,-222222222
1400000US06003010000,105521,8542
1400000US06005000101,93899,11152
1400000US06005000102,68750,18034
1400000US06005000201,89306,9292
1400000US06005000202,104423,31239
1400000US06005000301,81250,16956
1400000US06005000303,82566,16933
1400000US06005000304,103482,24131
1400000US06005000401,86354,20149
1400000US06005000402,86206,12878
1400000US06005000500,88625,22002
1400000US06007000102,74191,16411
1400000US06007000103,108309,11730
1400000US06007000104,101511,27911
1400000US06007000201,63570,8875
1400000US06007000202,59298,9129
1400000US06007000300,75267,16501
1400000US06007000401,103611,23774
1400000US06007000403,71308,15657
1400000US06007000404,124615,27134
1400000US06007000501,101667,22021
1400000US06007000502,28224,7030
1400000US06007000601,103409,28733
1400000US06007000603,40898,6595
1400000US06007000604,40672,9441
1400000US06007000700,61912,23474
1400000US06007000800,85045,18535
1400000US06007000901,116000,26739
1400000US06007000903,65986,3170
1400000US06007000904,94423,22434
1400000US06007001000,35997,13421
1400000US06007001100,45556,19339
1400000US06007001200,43904,7843
1400000US06007001300,50673,7701
1400000US06007001400,127637,22324
1400000US06007001500,94038,31731
1400000US06007001601,116100,67886
1400000US06007001602,114773,48951
1400000US06007001702,52779,7793
1400000US06007001703,63306,9899
1400000US06007001704,75000,21547
1400000US06007001800,93088,52282
1400000US06007001900,-666666666,-222222222
1400000US06007002000,76023,42062
1400000US06007002100,58000,44311
1400000US06007002200,94167,37009
1400000US06007002300,44671,14837
1400000US06007002401,51667,11726
1400000US06007002402,42686,22888
1400000US06007002500,45357,22275
1400000US06007002601,83382,27042
1400000US06007002602,61583,9536
1400000US06007002700,68071,28855
1400000US06007002800,40746,7648
1400000US06007002900,63021,13995
1400000US06007003001,49983,9271
1400000US06007003002,65072,13167
1400000US06007003100,96125,23971
1400000US06007003200,44726,12780
1400000US06007003300,76858,20436
1400000US06007003400,54080,11112
1400000US06007003501,70463,24374
1400000US06007003502,52518,12507
1400000US06007003600,90190,13578
1400000US06007003700,55337,7293
1400000US06009000121,62415,17004
1400000US06009000122,74313,17307
1400000US06009000123,110767,12560
1400000US06009000124,98068,19770
1400000US06009000220,73947,18848
1400000US06009000221,102869,11792
1400000US06009000222,107396,17523
1400000US06009000301,60000,13713
1400000US06009000302,54327,24963
1400000US06009000400,70777,3777
1400000US06009000501,89359,32265
1400000US06009000504,160625,99544
1400000US06009000505,96650,38996
1400000US06009000506,54963,47338
1400000US06011000100,85890,11973
1400000US06011000200,66148,13803
1400000US06011000301,83774,16894
1400000US06011000302,99045,47597
1400000US06011000400,42011,12311
1400000US06011000500,70709,13850
1400000US06013301000,85198,23348
1400000US06013302005,93032,31376
1400000US06013302006,137639,25146
1400000US06013302007,138346,25625
1400000US06013302009,119262,13062
1400000US06013302011,143629,27484
1400000US06013302012,175188,51212
1400000US06013302013,151641,16421
1400000US06013302014,149329,10039
1400000US06013303104,152571,21796
1400000US06013303105,165625,47365
1400000US06013303106,119806,47459
1400000US06013303107,140812,17108
1400000US06013303202,141944,54122
1400000US06013303204,130227,31539
1400000US06013303206,152188,57922
1400000US06013303207,126895,35189
1400000US06013303208,146250,21444
1400000US06013303209,141950,37143
1400000US06013303210,99814,20493
1400000US06013303211,163385,28743
1400000US06013304001,156941,24602
1400000US06013304002,76526,29171
1400000US06013304003,126050,35959
1400000US06013304004,137232,31037
1400000US06013304006,167208,20549
1400000US06013304007,158556,36013
1400000US06013305000,65000,13591
1400000US06013306002,107810,23696
1400000US06013306003,62981,30787
1400000US06013306004,102404,12462
1400000US06013307101,96153,24552
1400000US06013307102,80855,20796
1400000US06013307201,63162,17202
1400000US06013307202,64234,8641
1400000US06013307204,107891,25716
1400000US06013307205,71925,4963
1400000US06013308001,80539,37305
1400000US06013308002,119896,19286
1400000US06013309000,86818,26373
1400000US06013310000,77198,12657
1400000US06013311000,78989,6857
1400000US06013312000,71375,28553
1400000US06013313102,86165,12482
1400000US06013313104,60625,19756
1400000US06013313105,79738,16184
1400000US06013313106,142033,30355
1400000US06013313107,152393,28045
1400000US06013313203,127847,21961
1400000US06013313204,91600,13325
1400000US06013313205,114224,10117
1400000US06013313206,78115,13632
1400000US06013314102,97429,20875
1400000US06013314103,81455,7046
1400000US06013314105,53621,12421
1400000US06013314106,74923,8573
1400000US06013314200,87098,16696
1400000US06013315000,138875,16220
1400000US06013316000,58214,24816
1400000US06013317000,86365,32024
1400000US06013318000,101947,12026
1400000US06013319001,146071,20829
1400000US06013319002,112543,20062
1400000US06013320001,98602,17352
1400000US06013320003,171343,14731
1400000US06013320004,125752,16726
1400000US06013321101,152063,31585
1400000US06013321102,153048,18312
1400000US06013321103,158750,43953
1400000US06013321200,105694,28165
1400000US06013322000,155431,33493
1400000US06013323000,153843,24786
1400000US06013324002,102007,17902
1400000US06013324003,93828,43610
1400000US06013324004,105288,34707
1400000US06013325000,149773,16676
1400000US06013326000,175855,34564
1400000US06013327001,102675,15092
1400000US06013327002,98151,14254
1400000US06013328000,53737,9229
1400000US06013329000,104844,43754
1400000US06013330000,118906,21057
1400000US06013331000,89796,15795
1400000US06013332000,137432,22031
1400000US06013333101,124713,24576
1400000US06013333102,122982,10227
1400000US06013333200,123964,23178
1400000US06013334001,120208,37985
1400000US06013334006,167167,14808
1400000US06013334007,103401,33410
1400000US06013334008,119539,18675
1400000US06013334200,189153,64889
1400000US06013335000,175208,51618
1400000US06013336101,81842,20864
1400000US06013336103,70221,13445
1400000US06013336104,68182,7609
1400000US06013336201,90375,37458
1400000US06013336202,82955,15325
1400000US06013337100,144674,34947
1400000US06013337201,61658,15002
1400000US06013337202,104194,28897
1400000US06013337300,146784,16665
1400000US06013338101,73873,10434
1400000US06013338102,185556,15989
1400000US06013338201,213929,51186
1400000US06013338203,144474,20621
1400000US06013338204,164107,24266
1400000US06013338301,218191,35697
1400000US06013338302,207105,48972
1400000US06013339001,96472,6935
1400000US06013339003,115579,11059
1400000US06013339004,129637,56056
1400000US06013340001,142723,33957
1400000US06013340003,164063,56407
1400000US06013340004,171218,54150
1400000US06013341000,157959,3277
1400000US06013343001,173643,34328
1400000US06013343002,163771,12005
1400000US06013343003,180500,31782
1400000US06013345101,182332,12969
1400000US06013345102,189375,12629
1400000US06013345103,211518,37270
1400000US06013345105,212819,41822
1400000US06013345111,145446,10466
1400000US06013345112,216774,54161
1400000US06013345113,225625,39227
1400000US06013345114,204924,29935
1400000US06013345115,226595,28402
1400000US06013345116,236406,24068
1400000US06013345117,209013,39176
1400000US06013345118,157738,17490
1400000US06013345203,203304,57040
1400000US06013345204,250001,-333333333
1400000US06013345205,176727,10555
1400000US06013345206,175259,44531
1400000US06013346101,250001,-333333333
1400000US06013346102,250001,-333333333
1400000US06013346203,203750,46135
1400000US06013346204,250001,-333333333
1400000US06013346205,233333,101599
1400000US06013346206,250001,-333333333
1400000US06013347000,250001,-333333333
1400000US06013348000,250001,-333333333
1400000US06013349000,150719,29105
1400000US06013350000,192961,25700
1400000US06013351101,81921,11595
1400000US06013351103,97417,9323
1400000US06013351104,66500,16985
1400000US06013351105,69375,24656
1400000US06013351200,250001,-333333333
1400000US06013352101,223281,60205
1400000US06013352102,250001,-333333333
1400000US06013352201,182760,68934
1400000US06013352202,196250,31935
1400000US06013353001,250001,-333333333
1400000US06013353002,250001,-333333333
1400000US06013354001,231108,25540
1400000US06013354002,250001,-333333333
1400000US06013355107,151845,19911
1400000US06013355109,120842,12119
1400000US06013355110,138269,42794
1400000US06013355111,99543,19577
1400000US06013355112,206932,61295
1400000US06013355113,250001,-333333333
1400000US06013355115,150781,66815
1400000US06013355118,113194,38744
1400000US06013355119,166528,49061
1400000US06013355120,102485,24235
1400000US06013355121,250001,-333333333
1400000US06013355122,246979,38681
1400000US06013355123,250001,-333333333
1400000US06013355124,250001,-333333333
1400000US06013355125,250001,-333333333
1400000US06013355126,250001,-333333333
1400000US06013355201,173611,22482
1400000US06013355202,136354,46231
1400000US06013355302,250001,-333333333
1400000US06013355306,162019,23182
1400000US06013355307,129617,21255
1400000US06013355308,175391,11192
1400000US06013355309,190882,25976
1400000US06013355310,100417,26252
1400000US06013356001,115938,43217
1400000US06013356002,121275,27170
1400000US06013357000,103333,26084
1400000US06013358000,80255,11641
1400000US06013359102,137647,16650
1400000US06013359103,108413,16133
1400000US06013359104,99796,42823
1400000US06013359105,139565,29881
1400000US06013359202,148021,32473
1400000US06013359203,146435,25318
1400000US06013359204,134800,26968
1400000US06013360101,129607,23487
1400000US06013360102,160305,19383
1400000US06013360200,117452,19175
1400000US06013361000,113727,8235
1400000US06013362000,138333,23711
1400000US06013363000,98733,24470
1400000US06013364002,100531,28783
1400000US06013365002,83587,24474
1400000US06013365003,85229,22077
1400000US06013366001,84028,18866
1400000US06013366002,79355,18645
1400000US06013367100,72005,15916
1400000US06013367200,95278,16407
1400000US06013368001,102666,26807
1400000US06013368002,67266,22367
1400000US06013369001,76969,9008
1400000US06013369002,69640,31008
1400000US06013370000,158438,41189
1400000US06013371000,100491,11108
1400000US06013372000,98059,20502
1400000US06013373000,99808,46610
1400000US06013374000,93750,26102
1400000US06013375000,77667,16690
1400000US06013376000,73730,16963
1400000US06013377000,49837,13488
1400000US06013378000,137043,19535
1400000US06013379000,68963,27154
1400000US06013380001,143491,26910
1400000US06013380002,82632,61585
1400000US06013381000,87603,24963
1400000US06013382000,61862,21321
1400000US06013383000,133804,8976
1400000US06013384000,179770,28111
1400000US06013385100,152635,33964
1400000US06013385200,160893,48541
1400000US06013386000,83162,21523
1400000US06013387000,126250,30841
1400000US06013388000,115313,24505
1400000US06013389100,85045,20823
1400000US06013389200,89519,11866
1400000US06013390100,187750,19719
1400000US06013390200,192667,30209
1400000US06013391000,195250,47042
1400000US06013392000,250001,-333333333
1400000US06013392201,118412,23459
1400000US06013392202,116765,36746
1400000US06013392300,172000,67973
1400000US06013980000,-666666666,-222222222
1400000US06013990000,-666666666,-222222222
1400000US06015000101,36481,16819
1400000US06015000102,71208,7042
1400000US06015000104,52683,10424
1400000US06015000106,94450,13980
1400000US06015000107,73079,27156
1400000US06015000201,81667,16511
1400000US06015000202,98063,34175
1400000US06015000203,43333,15912
1400000US06015990000,-666666666,-222222222
1400000US06017030201,92788,37195
1400000US06017030202,95453,47875
1400000US06017030301,66118,12419
1400000US06017030302,120463,30261
1400000US06017030402,67431,11680
1400000US06017030403,114688,38120
1400000US06017030404,74583,16518
1400000US06017030502,104600,44748
1400000US06017030504,130735,37924
1400000US06017030506,150455,110122
1400000US06017030507,138958,25061
1400000US06017030601,118551,21778
1400000US06017030603,92056,20484
1400000US06017030604,-666666666,-222222222
1400000US06017030605,47368,28610
1400000US06017030606,93522,20201
1400000US06017030701,156944,43853
1400000US06017030706,154795,27920
1400000US06017030709,201625,32654
1400000US06017030710,179976,25616
1400000US06017030711,107669,23831
1400000US06017030712,218563,42164
1400000US06017030801,145897,30821
1400000US06017030804,139821,36121
1400000US06017030807,126434,10961
1400000US06017030808,143939,16905
1400000US06017030809,116231,3685
1400000US06017030810,79875,15350
1400000US06017030811,52292,21967
1400000US06017030812,125385,34881
1400000US06017030901,121763,7824
1400000US06017030902,122458,17242
1400000US06017031000,70625,12793
1400000US06017031100,84645,7965
1400000US06017031200,97350,38667
1400000US06017031301,75183,9766
1400000US06017031302,70882,11096
1400000US06017031404,102917,20700
1400000US06017031405,93839,5906
1400000US06017031406,108932,17289
1400000US06017031407,100714,45229
1400000US06017031408,80907,6906
1400000US06017031409,91585,7966
1400000US06017031503,111786,12574
1400000US06017031504,78750,25732
1400000US06017031505,90294,22523
1400000US06017031506,67564,27676
1400000US06017031601,60080,15555
1400000US06017031602,100804,25343
1400000US06017031700,197589,58493
1400000US06017031800,231786,40633
1400000US06017031900,146875,30345
1400000US06017032001,96023,35374
1400000US06017032002,91167,1048
1400000US06017990000,-666666666,-222222222
1400000US06019000100,21023,9527
1400000US06019000200,37928,7745
1400000US06019000300,32076,15870
1400000US06019000400,50203,12315
1400000US06019000501,37895,5990
1400000US06019000502,43397,9444
1400000US06019000601,27595,4437
1400000US06019000602,25817,15605
1400000US06019000701,39808,11979
1400000US06019000702,32311,10320
1400000US06019000901,46429,10517
1400000US06019000902,16589,9695
1400000US06019001000,31898,12718
1400000US06019001100,37361,9001
1400000US06019001201,67166,13271
1400000US06019001202,61633,9362
1400000US06019001301,33611,9046
1400000US06019001303,72054,29692
1400000US06019001304,40929,15770
1400000US06019001407,31250,9127
1400000US06019001408,17276,2412
1400000US06019001409,124375,39668
1400000US06019001411,86607,24698
1400000US06019001412,99426,5675
1400000US06019001413,125068,24002
1400000US06019001415,80735,27621
1400000US06019001416,106904,21863
1400000US06019001417,125688,26365
1400000US06019001418,110278,14939
1400000US06019001500,58542,10221
1400000US06019001600,67206,18502
1400000US06019001700,74451,25526
1400000US06019001800,85991,7544
1400000US06019002000,37107,8615
1400000US06019002100,69349,21228
1400000US06019002200,77594,9513
1400000US06019002300,53369,13418
1400000US06019002400,50689,15197
1400000US06019002501,55972,14154
1400000US06019002502,45897,17745
1400000US06019002601,50538,19017
1400000US06019002602,67862,15212
1400000US06019002701,56995,16545
1400000US06019002702,48815,3254
1400000US06019002800,35682,10129
1400000US06019002903,46581,18615
1400000US06019002904,70568,17369
1400000US06019002905,50717,14568
1400000US06019002906,68843,31094
1400000US06019003001,59569,13861
1400000US06019003003,48785,3952
1400000US06019003004,73819,18738
1400000US06019003102,58876,11100
1400000US06019003103,67476,10447
1400000US06019003104,58438,15534
1400000US06019003201,57735,16258
1400000US06019003202,47780,17302
1400000US06019003301,63848,15759
1400000US06019003302,52031,18497
1400000US06019003401,34870,13506
1400000US06019003402,52866,32240
1400000US06019003500,80053,10909
1400000US06019003600,80273,14688
1400000US06019003701,44310,19526
1400000US06019003702,64375,17663
1400000US06019003804,83333,19090
1400000US06019003805,49247,6409
1400000US06019003807,45208,21948
1400000US06019003808,95408,22845
1400000US06019003809,68659,5451
1400000US06019003810,85547,7759
1400000US06019003811,97823,28988
1400000US06019003812,104115,30221
1400000US06019003900,51719,13254
1400000US06019004003,91250,45695
1400000US06019004004,64868,23317
1400000US06019004005,30961,4037
1400000US06019004006,49561,36410
1400000US06019004100,63864,27314
1400000US06019004205,51713,20006
1400000US06019004208,114914,19491
1400000US06019004210,70610,18501
1400000US06019004211,77343,17712
1400000US06019004212,74909,28083
1400000US06019004213,90750,9090
1400000US06019004214,101429,24409
1400000US06019004215,102614,21045
1400000US06019004216,116224,18455
1400000US06019004217,111299,18094
1400000US06019004218,170574,28823
1400000US06019004301,145536,30821
1400000US06019004302,151689,21257
1400000US06019004303,130609,21183
1400000US06019004404,55724,9247
1400000US06019004405,129015,19863
1400000US06019004406,87604,10242
1400000US06019004409,84663,11505
1400000US06019004410,78011,13472
1400000US06019004411,129922,58308
1400000US06019004503,82725,15838
1400000US06019004504,66189,8600
1400000US06019004505,52080,8157
1400000US06019004506,114265,16392
1400000US06019004601,81902,3857
1400000US06019004602,129136,12833
1400000US06019004703,54083,16227
1400000US06019004704,37708,10865
1400000US06019004705,65410,9019
1400000US06019004706,51516,14056
1400000US06019004801,58419,20384
1400000US06019004802,48023,5669
1400000US06019004901,48245,16958
1400000US06019004902,69271,15848
1400000US06019005000,77564,18236
1400000US06019005100,47128,16937
1400000US06019005202,36493,10087
1400000US06019005203,62486,13320
1400000US06019005204,60545,9776
1400000US06019005301,50078,7221
1400000US06019005302,72725,19760
1400000US06019005304,38750,5988
1400000US06019005305,78725,9389
1400000US06019005403,30361,8421
1400000US06019005405,101563,32018
1400000US06019005406,96098,20962
1400000US06019005407,97888,13360
1400000US06019005408,40313,14956
1400000US06019005409,51392,10946
1400000US06019005410,69167,19340
1400000US06019005503,137279,30294
1400000US06019005504,122500,48726
1400000US06019005505,111403,19076
1400000US06019005507,123750,12416
1400000US06019005508,120804,8767
1400000US06019005509,92368,42672
1400000US06019005512,100614,13765
1400000US06019005513,114408,37034
1400000US06019005514,110759,20793
1400000US06019005515,196932,65525
1400000US06019005516,103033,16913
1400000US06019005518,120776,20290
1400000US06019005520,198196,26086
1400000US06019005522,150750,30318
1400000US06019005524,137994,9683
1400000US06019005525,182417,42814
1400000US06019005526,60074,21119
1400000US06019005527,86754,6627
1400000US06019005528,148438,34032
1400000US06019005529,143610,21585
1400000US06019005602,54479,16715
1400000US06019005605,114402,22245
1400000US06019005606,97039,18912
1400000US06019005607,50013,9331
1400000US06019005608,63239,16616
1400000US06019005701,78994,8640
1400000US06019005702,118684,16087
1400000US06019005703,115096,19698
1400000US06019005704,78056,5598
1400000US06019005801,82829,13472
1400000US06019005802,180313,43033
1400000US06019005804,87826,7608
1400000US06019005805,133800,16815
1400000US06019005904,126820,24187
1400000US06019005906,110750,36141
1400000US06019005907,117773,29682
1400000US06019005911,150263,31248
1400000US06019005912,122907,23338
1400000US06019005913,132131,33640
1400000US06019005914,148542,26985
1400000US06019005915,138413,29370
1400000US06019005916,79286,15414
1400000US06019006001,105227,31930
1400000US06019006002,57833,16396
1400000US06019006101,106250,16449
1400000US06019006102,62523,17010
1400000US06019006201,49271,22375
1400000US06019006202,64882,8017
1400000US06019006301,84451,12770
1400000US06019006302,65321,6901
1400000US06019006405,108734,17468
1400000US06019006406,96989,49144
1400000US06019006407,101875,11191
1400000US06019006408,72153,10623
1400000US06019006409,78125,24067
1400000US06019006410,49662,44794
1400000US06019006411,66250,36464
1400000US06019006501,51000,21308
1400000US06019006502,47045,12727
1400000US06019006602,45824,7560
1400000US06019006603,86583,31812
1400000US06019006605,71538,27788
1400000US06019006606,56846,13023
1400000US06019006700,70880,55304
1400000US06019006802,47305,8800
1400000US06019006900,52218,10436
1400000US06019007002,56009,4064
1400000US06019007003,64331,23682
1400000US06019007004,71366,15089
1400000US06019007101,68438,18107
1400000US06019007102,-666666666,-222222222
1400000US06019007202,67629,16695
1400000US06019007203,115833,21920
1400000US06019007204,80455,24185
1400000US06019007300,83984,19377
1400000US06019007400,73818,5724
1400000US06019007500,71974,23326
1400000US06019007600,48500,5830
1400000US06019007700,72264,11857
1400000US06019007801,67861,21292
1400000US06019007802,42905,10059
1400000US06019007903,86875,23461
1400000US06019008000,55677,24107
1400000US06019008100,86125,19504
1400000US06019008200,45100,16671
1400000US06019008301,39527,18512
1400000US06019008303,54245,15389
1400000US06019008304,53272,11707
1400000US06019008402,67864,28160
1400000US06019008403,56750,18787
1400000US06019008404,41604,13421
1400000US06019008405,49132,7619
1400000US06019008501,52326,13660
1400000US06019008503,66118,10576
1400000US06019008504,69125,19111
1400000US06019008600,59792,15784
1400000US06021010101,61094,13070
1400000US06021010102,70915,9839
1400000US06021010200,73594,19459
1400000US06021010300,78558,22038
1400000US06021010401,61094,32020
1400000US06021010402,64068,18043
1400000US06021010501,68947,9459
1400000US06021010502,70694,30009
1400000US06023000100,38804,6558
1400000US06023000200,53015,13172
1400000US06023000300,69384,18663
1400000US06023000400,51636,15447
1400000US06023000500,39342,4090
1400000US06023000600,83704,24340
1400000US06023000700,95440,15684
1400000US06023000800,58632,7308
1400000US06023000900,91488,11951
1400000US06023001001,55563,14913
1400000US06023001002,38478,9513
1400000US06023001102,47052,15617
1400000US06023001103,75677,22260
1400000US06023001200,41457,5428
1400000US06023001300,59154,9312
1400000US06023010102,50375,11535
1400000US06023010200,70000,12488
1400000US06023010300,68164,7435
1400000US06023010400,82317,17817
1400000US06023010502,76556,14179
1400000US06023010503,75703,25293
1400000US06023010504,58889,8563
1400000US06023010600,71346,20038
1400000US06023010701,77793,15605
1400000US06023010702,70326,22196
1400000US06023010800,63527,10289
1400000US06023010901,61384,8510
1400000US06023010902,88519,15216
1400000US06023011000,61791,4624
1400000US06023011100,44543,10399
1400000US06023011200,71500,11562
1400000US06023011501,24599,19431
1400000US06023011502,42841,9791
1400000US06023011600,39409,6502
1400000US06023940000,68958,20313
1400000US06023990100,-666666666,-222222222
1400000US06025010101,-666666666,-222222222
1400000US06025010102,50815,14775
1400000US06025010200,38208,11964
1400000US06025010300,69375,18341
1400000US06025010401,27841,11506
1400000US06025010402,43906,7702
1400000US06025010500,68125,12334
1400000US06025010600,84500,19992
1400000US06025010700,37172,10273
1400000US06025010800,98182,16923
1400000US06025010900,65469,20332
1400000US06025011001,86672,13376
1400000US06025011002,91394,19376
1400000US06025011100,68854,19112
1400000US06025011201,85485,18435
1400000US06025011202,42590,7134
1400000US06025011301,61417,24218
1400000US06025011302,48095,7582
1400000US06025011303,76010,14670
1400000US06025011400,44612,15322
1400000US06025011500,40549,4384
1400000US06025011600,50771,10333
1400000US06025011700,67828,15158
1400000US06025011801,129936,15323
1400000US06025011802,70392,17398
1400000US06025011803,97139,34184
1400000US06025011901,79798,26792
1400000US06025011902,41027,12419
1400000US06025011903,106154,28144
1400000US06025012001,38696,6998
1400000US06025012003,91957,18782
1400000US06025012004,65785,15691
1400000US06025012101,25670,9282
1400000US06025012102,47936,13717
1400000US06025012201,48365,19730
1400000US06025012202,46806,18799
1400000US06025012301,44750,16335
1400000US06025012302,37262,19608
1400000US06025012400,25978,9232
1400000US06025940000,39205,14434
1400000US06027000100,76070,5314
1400000US06027000200,92500,28346
1400000US06027000300,113542,23315
1400000US06027000400,74222,15374
1400000US06027000500,67174,9547
1400000US06027000800,52500,14718
1400000US06029000102,68992,15386
1400000US06029000103,50142,25104
1400000US06029000104,58750,9389
1400000US06029000105,103500,18928
1400000US06029000106,77417,6972
1400000US06029000201,33750,11849
1400000US06029000202,54196,12286
1400000US06029000300,47543,11869
1400000US06029000400,29298,2562
1400000US06029000504,54601,19250
1400000US06029000505,91799,22068
1400000US06029000506,91897,24728
1400000US06029000507,106848,25429
1400000US06029000508,143587,22004
1400000US06029000509,129375,15469
1400000US06029000510,134059,12977
1400000US06029000601,33919,20066
1400000US06029000602,34397,12828
1400000US06029000603,41523,11574
1400000US06029000701,62614,30251
1400000US06029000702,73698,33926
1400000US06029000800,95208,19206
1400000US06029000902,71042,14759
1400000US06029000903,68732,21353
1400000US06029000904,43440,8007
1400000US06029000905,73359,12293
1400000US06029000906,77797,10055
1400000US06029000907,73630,9382
1400000US06029000908,88462,17906
1400000US06029000909,100391,27285
1400000US06029000911,-666666666,-222222222
1400000US06029000912,37778,33465
1400000US06029000913,124568,36130
1400000US06029000914,99116,11833
1400000US06029001001,99811,13734
1400000US06029001002,58107,16921
1400000US06029001003,66154,9937
1400000US06029001101,30594,3018
1400000US06029001104,51652,27543
1400000US06029001105,58321,14913
1400000US06029001106,33427,9145
1400000US06029001107,55052,24961
1400000US06029001201,47297,10014
1400000US06029001202,39982,12134
1400000US06029001301,29512,10603
1400000US06029001302,34756,5886
1400000US06029001401,38701,5273
1400000US06029001402,37288,9696
1400000US06029001500,43925,15074
1400000US06029001600,18258,10664
1400000US06029001700,72354,26347
1400000US06029001801,56026,7806
1400000US06029001803,75453,16710
1400000US06029001804,99348,9108
1400000US06029001901,70513,16697
1400000US06029001902,51983,8337
1400000US06029002001,14710,3009
1400000US06029002002,27997,3892
1400000US06029002100,27972,12167
1400000US06029002201,47115,11628
1400000US06029002202,41875,6879
1400000US06029002302,49830,8264
1400000US06029002303,61944,17619
1400000US06029002304,50580,11143
1400000US06029002305,57996,12377
1400000US06029002401,44609,39631
1400000US06029002402,81915,29281
1400000US06029002403,50076,10696
1400000US06029002501,45063,3871
1400000US06029002502,50305,19185
1400000US06029002503,46807,15022
1400000US06029002600,46658,15447
1400000US06029002701,39583,20592
1400000US06029002702,68348,30445
1400000US06029002804,39904,12072
1400000US06029002806,84310,18473
1400000US06029002807,118182,52702
1400000US06029002811,172000,35558
1400000US06029002813,57500,8501
1400000US06029002814,50972,16036
1400000US06029002815,52550,20742
1400000US06029002816,84967,18460
1400000US06029002817,56131,20447
1400000US06029002818,91848,11373
1400000US06029002819,71922,9599
1400000US06029002820,122787,27871
1400000US06029002821,88932,3469
1400000US06029002822,122622,21085
1400000US06029002823,68636,20383
1400000US06029002824,44187,12641
1400000US06029002825,48693,5552
1400000US06029002901,50956,22175
1400000US06029002902,46944,24566
1400000US06029003001,57571,16913
1400000US06029003002,46767,7784
1400000US06029003103,55969,11169
1400000US06029003112,69011,14210
1400000US06029003113,61089,15339
1400000US06029003124,78897,7914
1400000US06029003125,69766,21663
1400000US06029003126,52917,22547
1400000US06029003127,47202,20861
1400000US06029003128,57019,22480
1400000US06029003129,-666666666,-222222222
1400000US06029003130,123620,35818
1400000US06029003131,73235,7191
1400000US06029003132,60694,13829
1400000US06029003133,87906,11123
1400000US06029003134,95833,18655
1400000US06029003135,124886,29100
1400000US06029003136,46000,35969
1400000US06029003137,79036,13758
1400000US06029003203,106019,15018
1400000US06029003207,87817,11939
1400000US06029003208,91250,20644
1400000US06029003209,77801,16019
1400000US06029003210,84271,38735
1400000US06029003211,123951,39107
1400000US06029003212,146615,26069
1400000US06029003213,116812,32572
1400000US06029003214,75625,14316
1400000US06029003215,54606,33356
1400000US06029003216,118906,26646
1400000US06029003217,112336,38536
1400000US06029003218,104971,26679
1400000US06029003219,113906,35396
1400000US06029003220,144747,18413
1400000US06029003221,147366,29505
1400000US06029003222,56820,18007
1400000US06029003303,42500,8699
1400000US06029003304,92500,17945
1400000US06029003305,55119,33545
1400000US06029003307,69133,12126
1400000US06029003308,58438,36875
1400000US06029003400,47214,8384
1400000US06029003500,66773,23441
1400000US06029003600,53106,10174
1400000US06029003806,122500,31948
1400000US06029003807,100987,12640
1400000US06029003808,100683,17292
1400000US06029003810,123523,46607
1400000US06029003811,82070,20659
1400000US06029003812,97656,23945
1400000US06029003814,135116,19699
1400000US06029003815,137793,26866
1400000US06029003816,120417,37299
1400000US06029003817,145558,36608
1400000US06029003818,105257,18845
1400000US06029003819,112083,26507
1400000US06029003820,121231,12926
1400000US06029003821,141310,34696
1400000US06029003822,138728,11878
1400000US06029003823,157614,61945
1400000US06029003824,87587,75304
1400000US06029003825,120343,15420
1400000US06029003826,150093,43351
1400000US06029003827,145975,41794
1400000US06029003900,116484,17191
1400000US06029004001,78750,28962
1400000US06029004002,68846,27307
1400000US06029004101,67583,25714
1400000US06029004102,39167,5787
1400000US06029004302,-666666666,-222222222
1400000US06029004303,56706,12770
1400000US06029004304,48125,17390
1400000US06029004305,90156,32077
1400000US06029004402,40230,14142
1400000US06029004403,54000,32211
1400000US06029004404,55484,36333
1400000US06029004500,56154,8015
1400000US06029004601,-666666666,-222222222
1400000US06029004603,-666666666,-222222222
1400000US06029004605,100881,9844
1400000US06029004606,57850,24868
1400000US06029004607,68722,6898
1400000US06029004702,43116,7662
1400000US06029004703,61615,17378
1400000US06029004704,61769,10388
1400000US06029004801,57839,41012
1400000US06029004802,56359,8951
1400000US06029004901,45709,15571
1400000US06029004903,79531,23156
1400000US06029004904,56394,19208
1400000US06029005003,43603,6724
1400000US06029005005,72725,12988
1400000US06029005006,103102,7843
1400000US06029005103,56736,33966
1400000US06029005104,122909,28471
1400000US06029005203,47820,11216
1400000US06029005205,26429,2481
1400000US06029005206,43450,8313
1400000US06029005207,49233,31514
1400000US06029005208,40614,15048
1400000US06029005300,58261,11133
1400000US06029005402,103621,22738
1400000US06029005405,49855,17879
1400000US06029005406,116587,12786
1400000US06029005407,73233,14366
1400000US06029005408,81357,33551
1400000US06029005409,104113,19506
1400000US06029005410,68424,21015
1400000US06029005508,57596,17116
1400000US06029005509,100144,39110
1400000US06029005510,64279,35557
1400000US06029005511,58134,20059
1400000US06029005512,64545,19861
1400000US06029005513,66599,9772
1400000US06029005514,51220,13556
1400000US06029005600,53170,17163
1400000US06029005700,93810,25460
1400000US06029005803,76645,11745
1400000US06029005804,66193,22766
1400000US06029005805,101845,8737
1400000US06029005806,125172,18134
1400000US06029005900,52734,17120
1400000US06029006002,-666666666,-222222222
1400000US06029006003,58668,31199
1400000US06029006004,62317,22874
1400000US06029006006,110813,21905
1400000US06029006009,123051,41391
1400000US06029006010,121600,25425
1400000US06029006011,86800,22061
1400000US06029006012,118750,41626
1400000US06029006101,57895,26842
1400000US06029006102,86261,8247
1400000US06029006201,64779,12724
1400000US06029006202,65121,10353
1400000US06029006301,55595,17888
1400000US06029006303,35267,10711
1400000US06029006304,44083,9517
1400000US06029006403,34071,7529
1400000US06029006404,25052,9409
1400000US06029006405,64563,22354
1400000US06029006406,31078,7746
1400000US06029006500,48833,11806
1400000US06029006600,69138,7679
1400000US06031000100,77868,17110
1400000US06031000200,76500,8060
1400000US06031000402,93511,9344
1400000US06031000403,73724,11999
1400000US06031000405,67734,15868
1400000US06031000406,120381,2133
1400000US06031000407,72928,12857
1400000US06031000500,85149,23424
1400000US06031000602,101339,16472
1400000US06031000603,134936,31195
1400000US06031000604,107787,12319
1400000US06031000701,82200,13538
1400000US06031000702,80904,10164
1400000US06031000800,48682,13701
1400000US06031000901,39966,12366
1400000US06031000902,49024,16252
1400000US06031001001,81000,13716
1400000US06031001002,39167,27532
1400000US06031001003,85270,21384
1400000US06031001100,48801,6371
1400000US06031001200,83250,19530
1400000US06031001300,42353,18976
1400000US06031001401,55921,12983
1400000US06031001402,59792,17121
1400000US06031001500,83458,32478
1400000US06031001601,49022,3014
1400000US06031001702,51275,4031
1400000US06031001703,60752,6727
1400000US06031980000,69243,5925
1400000US06031980100,-666666666,-222222222
1400000US06031981800,-666666666,-222222222
1400000US06033000100,103667,40543
1400000US06033000300,78846,21823
1400000US06033000401,96875,46444
1400000US06033000402,46050,9580
1400000US06033000501,55272,14914
1400000US06033000502,51250,34791
1400000US06033000601,35469,11487
1400000US06033000602,55625,11927
1400000US06033000702,37765,9260
1400000US06033000703,38596,6300
1400000US06033000704,68000,17851
1400000US06033000801,50638,11758
1400000US06033000802,41900,13235
1400000US06033000901,67944,22583
1400000US06033000902,71371,16369
1400000US06033001000,56667,8245
1400000US06033001101,66821,20166
1400000US06033001102,84350,41946
1400000US06033001200,72928,23008
1400000US06033001301,76023,31478
1400000US06033001302,86267,9647
1400000US06035040100,43239,13504
1400000US06035040200,65795,8955
1400000US06035040302,91979,5117
1400000US06035040303,44514,14266
1400000US06035040304,53542,6302
1400000US06035040305,83621,8151
1400000US06035040400,90655,20382
1400000US06035040500,80536,15393
1400000US06035040600,46659,7806
1400000US06037101110,88438,20688
1400000US06037101122,104643,40990
1400000US06037101220,92317,21248
1400000US06037101221,52204,17943
1400000US06037101222,38125,37622
1400000US06037101300,127566,22890
1400000US06037101400,87138,22720
1400000US06037102103,76594,20040
1400000US06037102104,109460,14610
1400000US06037102105,70750,39852
1400000US06037102107,106218,19510
1400000US06037103101,112083,25197
1400000US06037103102,73642,26585
1400000US06037103201,69347,25891
1400000US06037103202,122560,10685
1400000US06037103300,120134,32504
1400000US06037103401,101628,9109
1400000US06037103402,100059,22119
1400000US06037104103,96607,37157
1400000US06037104105,60507,9857
1400000US06037104108,74506,18518
1400000US06037104124,83958,20326
1400000US06037104201,107083,32974
1400000US06037104203,74008,12646
1400000US06037104204,76250,24953
1400000US06037104310,92457,39384
1400000US06037104321,58047,35495
1400000US06037104322,106400,31579
1400000US06037104401,77875,13272
1400000US06037104403,88571,28811
1400000US06037104404,83173,19118
1400000US06037104500,75536,20307
1400000US06037104610,88171,17872
1400000US06037104620,91875,12483
1400000US06037104701,51000,19991
1400000US06037104703,-666666666,-222222222
1400000US06037104704,79340,10228
1400000US06037104821,73214,23450
1400000US06037104822,51429,23218
1400000US06037104823,83906,24022
1400000US06037104824,115625,33392
1400000US06037106010,145938,22220
1400000US06037106020,124972,21563
1400000US06037106111,109805,29755
1400000US06037106112,114205,15404
1400000US06037106113,110032,16935
1400000US06037106114,86346,24961
1400000US06037106403,109417,34069
1400000US06037106405,93694,12149
1400000US06037106406,106754,14352
1400000US06037106407,32375,11093
1400000US06037106408,54552,14067
1400000US06037106510,149135,24500
1400000US06037106520,115283,44134
1400000US06037106603,169821,71168
1400000US06037106604,72386,19048
1400000US06037106641,123170,6675
1400000US06037106642,139500,20575
1400000US06037106643,211974,49481
1400000US06037106645,159357,67837
1400000US06037106646,114107,33988
1400000US06037106648,54111,35067
1400000US06037106649,110089,18362
1400000US06037107010,98281,23602
1400000US06037107020,84375,31489
1400000US06037108101,159531,38388
1400000US06037108102,133262,16514
1400000US06037108103,159677,27479
1400000US06037108104,144375,37570
1400000US06037108202,181709,33065
1400000US06037108203,143000,25669
1400000US06037108204,179688,43287
1400000US06037109100,70458,11694
1400000US06037109200,123533,11438
1400000US06037109300,121193,25440
1400000US06037109400,82083,56113
1400000US06037109500,92188,12559
1400000US06037109601,118210,22092
1400000US06037109603,84008,19641
1400000US06037109604,108188,12014
1400000US06037109700,110179,17505
1400000US06037109800,79347,31003
1400000US06037111100,108173,30872
1400000US06037111201,122125,27483
1400000US06037111202,109630,16910
1400000US06037111204,184425,15834
1400000US06037111205,114464,27429
1400000US06037111206,153355,39959
1400000US06037111302,100975,14395
1400000US06037111303,111815,30973
1400000US06037111304,45845,18467
1400000US06037111401,142500,53872
1400000US06037111402,59323,7666
1400000US06037113101,137072,18077
1400000US06037113102,200625,61619
1400000US06037113211,122663,31140
1400000US06037113212,92431,27675
1400000US06037113213,133241,21854
1400000US06037113231,127528,10935
1400000US06037113232,182422,39429
1400000US06037113234,65588,13099
1400000US06037113235,91622,22828
1400000US06037113237,134926,41528
1400000US06037113238,73906,22135
1400000US06037113239,54880,8804
1400000US06037113301,135875,47259
1400000US06037113303,118036,26960
1400000US06037113322,123250,21592
1400000US06037113323,90625,33140
1400000US06037113324,104063,9109
1400000US06037113423,113507,20808
1400000US06037113424,101563,30174
1400000US06037113425,73621,12667
1400000US06037113426,78581,9559
1400000US06037113427,65549,4599
1400000US06037113428,121835,31378
1400000US06037115101,130637,52694
1400000US06037115103,-666666666,-222222222
1400000US06037115104,76250,22377
1400000US06037115202,68722,25070
1400000US06037115203,80156,30144
1400000US06037115204,111375,29113
1400000US06037115301,105926,21677
1400000US06037115302,73547,17303
1400000US06037115401,62116,9057
1400000US06037115403,72386,16721
1400000US06037115404,60774,16180
1400000US06037117101,99375,15477
1400000US06037117102,82900,10777
1400000US06037117201,56250,29481
1400000US06037117202,86146,38500
1400000US06037117301,153321,28345
1400000US06037117302,105991,19589
1400000US06037117303,130724,25224
1400000US06037117404,121366,19251
1400000US06037117405,46618,12316
1400000US06037117407,56250,6215
1400000US06037117408,51836,11259
1400000US06037117510,48636,9936
1400000US06037117520,58517,9999
1400000US06037117530,46127,8945
1400000US06037119001,117474,28121
1400000US06037119003,99886,17131
1400000US06037119004,92961,57906
1400000US06037119201,112138,16771
1400000US06037119202,82500,28430
1400000US06037119310,68429,18384
1400000US06037119320,78173,46545
1400000US06037119340,44569,10231
1400000US06037119341,50800,5164
1400000US06037119342,74671,24038
1400000US06037119400,104732,28692
1400000US06037119700,93500,29696
1400000US06037119801,115250,38108
1400000US06037119802,84479,25713
1400000US06037119900,85386,33333
1400000US06037120010,77885,33291
1400000US06037120020,48800,16265
1400000US06037120030,51983,14781
1400000US06037120103,47500,17258
1400000US06037120104,55438,11552
1400000US06037120105,49118,6110
1400000US06037120106,37033,7084
1400000US06037120107,39393,12670
1400000US06037120108,59726,11814
1400000US06037120300,59579,21851
1400000US06037120400,57181,14034
1400000US06037121010,81111,27848
1400000US06037121020,75070,16923
1400000US06037121101,65536,7409
1400000US06037121102,79743,20602
1400000US06037121210,75875,12581
1400000US06037121221,94792,18555
1400000US06037121222,89500,21685
1400000US06037121600,116025,23678
1400000US06037121801,56346,15598
1400000US06037121802,105781,27406
1400000US06037121900,56115,17156
1400000US06037122000,101444,8299
1400000US06037122120,65104,19506
1400000US06037122121,61583,36174
1400000US06037122122,47524,6206
1400000US06037122200,77316,7063
1400000US06037122410,74479,12721
1400000US06037122420,62949,11693
1400000US06037123010,58619,12102
1400000US06037123020,87036,4368
1400000US06037123103,79125,18077
1400000US06037123104,74831,12167
1400000US06037123203,60375,21457
1400000US06037123204,67019,11931
1400000US06037123205,60625,21762
1400000US06037123206,71346,22258
1400000US06037123301,71250,13987
1400000US06037123303,67115,15113
1400000US06037123304,50101,12829
1400000US06037123410,43636,10104
1400000US06037123420,56250,9660
1400000US06037123510,44120,7828
1400000US06037123520,65417,10005
1400000US06037123601,86607,28351
1400000US06037123602,73580,18037
1400000US06037123700,95114,22795
1400000US06037123800,91790,17557
1400000US06037123901,54295,11421
1400000US06037123902,100135,22078
1400000US06037124000,84464,22840
1400000US06037124102,78090,15611
1400000US06037124103,62802,7074
1400000US06037124104,56250,8862
1400000US06037124105,63477,15125
1400000US06037124201,76587,14581
1400000US06037124203,82083,13568
1400000US06037124204,60164,23239
1400000US06037124300,84318,34991
1400000US06037124400,89250,25182
1400000US06037124500,80495,15540
1400000US06037124600,103750,11446
1400000US06037124700,111994,36347
1400000US06037124902,75378,13183
1400000US06037124903,86600,23640
1400000US06037125101,78135,5507
1400000US06037125102,120375,46191
1400000US06037125200,86109,16004
1400000US06037125310,72833,33335
1400000US06037125321,69053,18857
1400000US06037125322,52780,17737
1400000US06037125402,83182,21826
1400000US06037125403,93750,8494
1400000US06037125404,81976,8302
1400000US06037125501,67171,21482
1400000US06037125502,95662,14837
1400000US06037125600,104647,11070
1400000US06037127102,79653,20844
1400000US06037127103,51558,8251
1400000US06037127104,66703,10469
1400000US06037127210,67852,12155
1400000US06037127220,54778,6073
1400000US06037127300,76750,14768
1400000US06037127400,64614,14070
1400000US06037127520,53187,3583
1400000US06037127603,62414,15625
1400000US06037127604,48807,22372
1400000US06037127605,69540,17967
1400000US06037127606,75688,11445
1400000US06037127711,97813,8554
1400000US06037127712,75256,15034
1400000US06037127803,69468,10650
1400000US06037127804,66563,16183
1400000US06037127805,63333,24810
1400000US06037127806,75625,33906
1400000US06037127910,65986,13747
1400000US06037127920,74375,11129
1400000US06037128101,95990,21781
1400000US06037128102,54750,9962
1400000US06037128210,48871,16478
1400000US06037128220,63996,18469
1400000US06037128302,58929,13647
1400000US06037128303,45486,14937
1400000US06037128400,137250,14032
1400000US06037128500,92368,42618
1400000US06037128601,67452,15060
1400000US06037128602,108693,31274
1400000US06037128703,69604,35782
1400000US06037128704,155469,32702
1400000US06037128801,88571,17936
1400000US06037128802,90503,28243
1400000US06037128910,107625,20569
1400000US06037131021,62121,17717
1400000US06037131022,45784,20039
1400000US06037131023,90352,14615
1400000US06037131024,96198,31513
1400000US06037131100,103819,19351
1400000US06037131200,133958,33531
1400000US06037131300,122989,24358
1400000US06037131400,100725,16385
1400000US06037131600,92973,16016
1400000US06037131701,72321,23424
1400000US06037131702,79745,9500
1400000US06037131801,59955,19356
1400000US06037131802,99345,10029
1400000US06037131900,136875,20932
1400000US06037132001,127039,22415
1400000US06037132002,108944,21850
1400000US06037132101,64821,23421
1400000US06037132102,80469,11767
1400000US06037132301,51181,19761
1400000US06037132302,76156,28220
1400000US06037132501,86696,21190
1400000US06037132502,73558,14423
1400000US06037132700,93661,32752
1400000US06037132900,126292,41248
1400000US06037133000,98042,30472
1400000US06037133101,113993,11191
1400000US06037133102,56088,35838
1400000US06037134001,92632,14089
1400000US06037134002,81023,26469
1400000US06037134101,90227,20365
1400000US06037134103,78672,29767
1400000US06037134104,75313,22216
1400000US06037134201,120833,40455
1400000US06037134302,131250,48394
1400000US06037134303,106840,40408
1400000US06037134304,84205,34050
1400000US06037134305,60197,19501
1400000US06037134306,52038,12518
1400000US06037134421,165109,34308
1400000US06037134422,158839,17032
1400000US06037134423,124464,43911
1400000US06037134424,157980,17212
1400000US06037134520,54976,9657
1400000US06037134521,52679,14982
1400000US06037134522,69318,19101
1400000US06037134710,62813,10480
1400000US06037134720,102604,26037
1400000US06037134801,98804,26447
1400000US06037134802,83813,19456
1400000US06037134901,84688,11442
1400000US06037134904,104375,29194
1400000US06037134905,97106,21634
1400000US06037134906,67216,13274
1400000US06037134907,92759,31085
1400000US06037135102,170694,37215
1400000US06037135111,106023,22080
1400000US06037135113,117841,41911
1400000US06037135115,118162,42335
1400000US06037135116,67056,44054
1400000US06037135201,143125,36323
1400000US06037135202,128816,24606
1400000US06037135204,140085,30417
1400000US06037135205,156389,41970
1400000US06037137000,126250,31544
1400000US06037137103,86029,14002
1400000US06037137104,106599,15298
1400000US06037137202,75714,19948
1400000US06037137203,129732,42112
1400000US06037137301,196893,39089
1400000US06037137302,181786,20222
1400000US06037137401,143142,15779
1400000US06037137402,121201,12764
1400000US06037137501,95858,18297
1400000US06037137502,134388,29540
1400000US06037137504,242188,45127
1400000US06037138000,156094,36117
1400000US06037139001,127755,35059
1400000US06037139200,97015,8801
1400000US06037139301,165515,34984
1400000US06037139302,82806,8219
1400000US06037139303,69263,12244
1400000US06037139401,84575,10372
1400000US06037139402,198043,83734
1400000US06037139502,132738,21064
1400000US06037139504,78198,14007
1400000US06037139505,49500,31483
1400000US06037139506,72849,18637
1400000US06037139600,89473,18187
1400000US06037139701,162188,60013
1400000US06037139703,223750,61762
1400000US06037139704,141546,35486
1400000US06037139705,250001,-333333333
1400000US06037139801,232434,15994
1400000US06037139802,228990,23760
1400000US06037141101,73318,20051
1400000US06037141102,95288,45737
1400000US06037141201,77207,37343
1400000US06037141202,114621,29643
1400000US06037141303,103990,21433
1400000US06037141304,101941,29882
1400000US06037141305,119448,26814
1400000US06037141306,109222,13806
1400000US06037141400,118441,30800
1400000US06037141500,206607,109350
1400000US06037141600,202825,46788
1400000US06037141700,234120,40952
1400000US06037143101,105375,9011
1400000US06037143102,101333,24183
1400000US06037143200,95867,24081
1400000US06037143301,97386,40102
1400000US06037143302,127500,34036
1400000US06037143401,131161,38133
1400000US06037143402,110179,31106
1400000US06037143500,178875,48636
1400000US06037143602,102388,21308
1400000US06037143603,96458,18658
1400000US06037143605,96500,24381
1400000US06037143606,89176,19204
1400000US06037143700,151125,56478
1400000US06037143801,165880,40008
1400000US06037143802,161706,20043
1400000US06037143901,212027,24959
1400000US06037143902,160000,34602
1400000US06037181000,151875,46661
1400000US06037181300,152219,23510
1400000US06037181400,106075,11003
1400000US06037181500,127847,29846
1400000US06037181600,94091,54095
1400000US06037183101,120521,49814
1400000US06037183103,93506,22946
1400000US06037183104,94444,24059
1400000US06037183220,136854,12706
1400000US06037183221,102250,48086
1400000US06037183222,99464,45990
1400000US06037183300,97361,26839
1400000US06037183401,109688,11858
1400000US06037183402,102196,20883
1400000US06037183510,102813,20692
1400000US06037183520,69436,3487
1400000US06037183610,80688,17325
1400000US06037183620,112476,20543
1400000US06037183701,71946,12761
1400000US06037183702,93654,20310
1400000US06037183810,73500,22562
1400000US06037183820,78426,25139
1400000US06037185101,85967,32871
1400000US06037185102,137750,91637
1400000US06037185202,134875,28701
1400000US06037185203,88667,21846
1400000US06037185204,128523,52486
1400000US06037185310,93958,23112
1400000US06037185320,61618,11402
1400000US06037186100,105069,7756
1400000US06037186201,83562,11945
1400000US06037186202,99188,12476
1400000US06037186203,177623,27534
1400000US06037186301,69614,7842
1400000US06037186302,102719,24666
1400000US06037186401,57011,9484
1400000US06037186403,105048,19870
1400000US06037186404,79643,22359
1400000US06037187101,91829,24115
1400000US06037187102,91944,33819
1400000US06037187200,96912,6316
1400000US06037187300,126528,36825
1400000US06037188100,93675,18732
1400000US06037188201,92500,25596
1400000US06037188202,200962,25113
1400000US06037188300,123234,28627
1400000US06037189101,106295,12722
1400000US06037189102,126071,17292
1400000US06037189201,66771,31129
1400000US06037189202,152857,61880
1400000US06037189300,188814,21643
1400000US06037189400,118750,28560
1400000US06037189501,90137,26298
1400000US06037189502,68250,14781
1400000US06037189600,85259,20682
1400000US06037189702,81646,24101
1400000US06037189703,126466,14657
1400000US06037189704,120833,36706
1400000US06037189801,96043,12957
1400000US06037189802,123056,55499
1400000US06037189903,101135,9298
1400000US06037189904,73279,10394
1400000US06037189905,80291,15888
1400000US06037189906,93878,22560
1400000US06037189907,95576,12933
1400000US06037190101,44000,17453
1400000US06037190102,78250,33055
1400000US06037190201,52241,11082
1400000US06037190202,44386,14427
1400000US06037190302,90373,40092
1400000US06037190303,54479,37465
1400000US06037190401,70107,18245
1400000US06037190402,55987,15204
1400000US06037190510,60638,23916
1400000US06037190520,55987,9309
1400000US06037190701,48836,22853
1400000US06037190702,68229,17768
1400000US06037190801,50781,25908
1400000US06037190802,69000,25087
1400000US06037190901,40577,11774
1400000US06037190902,61270,16518
1400000US06037191000,68623,6664
1400000US06037191110,54583,28473
1400000US06037191120,53558,17066
1400000US06037191201,50250,12483
1400000US06037191203,41810,22685
1400000US06037191204,60134,12253
1400000US06037191301,71250,16634
1400000US06037191302,49730,20936
1400000US06037191410,51875,10451
1400000US06037191420,75597,13724
1400000US06037191500,66367,14967
1400000US06037191610,53641,9993
1400000US06037191620,61369,15797
1400000US06037191710,31563,9136
1400000US06037191720,38453,11453
1400000US06037191810,71214,18686
1400000US06037191820,86164,20701
1400000US06037191901,77604,20164
1400000US06037191902,93523,27417
1400000US06037192001,89102,32306
1400000US06037192002,133828,45408
1400000US06037192300,83219,22847
1400000US06037192410,131250,43407
1400000US06037192420,96667,12785
1400000US06037192510,64049,19106
1400000US06037192520,65479,9251
1400000US06037192610,51881,4085
1400000US06037192620,53176,9133
1400000US06037192700,60357,14004
1400000US06037194101,101100,23184
1400000US06037194102,198158,49050
1400000US06037194200,143466,80594
1400000US06037194300,228824,38270
1400000US06037194401,88750,21782
1400000US06037194402,112529,20547
1400000US06037194500,128816,53927
1400000US06037195100,168333,30944
1400000US06037195201,128314,12061
1400000US06037195202,162571,16849
1400000US06037195300,95511,31656
1400000US06037195400,132500,49013
1400000US06037195500,123750,40479
1400000US06037195600,103239,39306
1400000US06037195710,64069,13656
1400000US06037195720,75066,15091
1400000US06037195802,106845,31294
1400000US06037195803,100481,31330
1400000US06037195804,73750,40473
1400000US06037195901,91209,7816
1400000US06037195902,135606,25453
1400000US06037195903,94861,9050
1400000US06037197200,100392,23202
1400000US06037197300,108696,15515
1400000US06037197410,103385,14198
1400000US06037197420,99375,25596
1400000US06037197500,81914,15332
1400000US06037197600,78591,27531
1400000US06037197700,62965,17921
1400000US06037199001,51324,14765
1400000US06037199002,66071,20713
1400000US06037199110,83333,24055
1400000US06037199120,44120,10891
1400000US06037199201,58597,25980
1400000US06037199202,98447,23944
1400000US06037199300,104201,4775
1400000US06037199400,52212,21720
1400000US06037199700,55435,17034
1400000US06037199801,90104,40140
1400000US06037199802,65625,13035
1400000US06037199900,41121,10428
1400000US06037201110,101305,3435
1400000US06037201120,84067,14747
1400000US06037201200,86786,17231
1400000US06037201301,81174,22092
1400000US06037201302,122684,29932
1400000US06037201401,54100,11438
1400000US06037201402,93021,34042
1400000US06037201501,92813,26553
1400000US06037201503,65486,17446
1400000US06037201504,117702,30260
1400000US06037201601,65938,29966
1400000US06037201602,74609,27418
1400000US06037201700,85000,18599
1400000US06037203100,60583,20086
1400000US06037203200,60570,9309
1400000US06037203300,45536,20196
1400000US06037203500,64725,8034
1400000US06037203601,55167,27826
1400000US06037203602,77500,17429
1400000US06037203710,87440,14057
1400000US06037203720,58490,38401
1400000US06037203800,68750,12571
1400000US06037203900,71563,21383
1400000US06037204110,72011,23428
1400000US06037204120,88190,23656
1400000US06037204200,50069,9749
1400000US06037204300,61029,15055
1400000US06037204410,51250,49475
1400000US06037204420,55957,5440
1400000US06037204600,51429,8482
1400000US06037204700,78821,20961
1400000US06037204810,57283,10288
1400000US06037204820,70714,21772
1400000US06037204910,51994,8130
1400000US06037204920,75972,13350
1400000US06037205110,54939,9352
1400000US06037205120,32406,16912
1400000US06037206010,70304,32411
1400000US06037206020,155658,29954
1400000US06037206050,35924,24328
1400000US06037206051,161667,57535
1400000US06037206052,110714,39211
1400000US06037206053,48657,18169
1400000US06037206054,87292,39059
1400000US06037206201,47333,17833
1400000US06037206202,24182,6581
1400000US06037206301,14385,795
1400000US06037206302,9375,2781
1400000US06037206303,6803,5924
1400000US06037207101,65729,16774
1400000US06037207102,46952,24870
1400000US06037207103,56652,16179
1400000US06037207303,31969,7818
1400000US06037207304,14342,2318
1400000US06037207305,68348,6900
1400000US06037207306,49729,21946
1400000US06037207307,-666666666,-222222222
1400000US06037207308,90156,26379
1400000US06037207400,78482,29379
1400000US06037207501,115667,30812
1400000US06037207502,24515,18916
1400000US06037207711,145357,45636
1400000US06037207712,63484,31771
1400000US06037207901,71563,44043
1400000US06037207902,104090,14286
1400000US06037208001,90175,19202
1400000US06037208002,56223,29120
1400000US06037208301,42586,10347
1400000US06037208302,60156,12371
1400000US06037208401,35329,11293
1400000US06037208402,80595,20069
1400000US06037208501,89539,18103
1400000US06037208502,33417,11143
1400000US06037208610,66210,10459
1400000US06037208620,62254,13979
1400000US06037208710,65467,5813
1400000US06037208720,35897,3897
1400000US06037208801,37404,10614
1400000US06037208802,37321,21497
1400000US06037208902,39561,7107
1400000US06037208903,48828,18324
1400000US06037208904,31463,9534
1400000US06037209103,38556,9461
1400000US06037209104,41771,19777
1400000US06037209105,33234,11778
1400000US06037209106,39647,37849
1400000US06037209201,79966,11598
1400000US06037209202,50192,14751
1400000US06037209300,31642,8945
1400000US06037209401,33676,12265
1400000US06037209402,49072,16800
1400000US06037209403,26650,11876
1400000US06037209510,43911,7443
1400000US06037209520,44099,3907
1400000US06037209810,35822,7420
1400000US06037209820,59091,20808
1400000US06037210010,27320,6943
1400000US06037211000,195603,73859
1400000US06037211121,73095,24102
1400000US06037211122,48544,9680
1400000US06037211123,81505,37459
1400000US06037211124,70197,22978
1400000US06037211201,62381,6709
1400000US06037211202,62964,19031
1400000US06037211310,48096,6993
1400000US06037211320,52461,18903
1400000US06037211410,49475,5367
1400000US06037211420,55563,15191
1400000US06037211500,78977,27988
1400000US06037211701,93611,44042
1400000US06037211703,64206,6524
1400000US06037211704,51750,20843
1400000US06037211802,49250,6529
1400000US06037211803,65799,14261
1400000US06037211804,47536,25022
1400000US06037211910,72125,15698
1400000US06037211921,47353,11034
1400000US06037211922,58427,3703
1400000US06037212101,59395,16451
1400000US06037212102,43444,10301
1400000US06037212202,59026,5375
1400000US06037212203,30482,8879
1400000US06037212204,33636,14108
1400000US06037212303,30886,9169
1400000US06037212304,45994,5381
1400000US06037212305,47525,4897
1400000US06037212306,63194,3986
1400000US06037212410,49403,4970
1400000US06037212420,57732,9611
1400000US06037212501,44699,36438
1400000US06037212502,73406,17075
1400000US06037212610,67159,16605
1400000US06037212620,41125,14806
1400000US06037212701,85030,14417
1400000US06037212702,74727,40852
1400000US06037212800,101932,54114
1400000US06037212900,55360,9649
1400000US06037213100,60527,9801
1400000US06037213201,44849,9068
1400000US06037213202,68534,8906
1400000US06037213310,50313,27379
1400000US06037213320,40139,13769
1400000US06037213401,60590,16669
1400000US06037213402,45700,16424
1400000US06037214000,150288,46951
1400000US06037214100,162159,37157
1400000US06037214400,102725,22072
1400000US06037214501,118885,10836
1400000US06037214503,96225,12471
1400000US06037214504,110125,14058
1400000US06037214505,102279,38872
1400000US06037214600,120229,35738
1400000US06037214700,125515,23316
1400000US06037214800,96513,22775
1400000US06037214902,109450,17831
1400000US06037214903,59038,43161
1400000US06037214904,126824,42046
1400000US06037215101,91250,26573
1400000US06037215102,92889,17802
1400000US06037216100,168531,16085
1400000US06037216201,120282,29398
1400000US06037216202,78859,46373
1400000US06037216301,99738,71511
1400000US06037216302,100000,23021
1400000US06037216401,97223,11457
1400000US06037216402,101470,7131
1400000US06037216700,97406,14820
1400000US06037216800,121597,30752
1400000US06037216901,106354,36441
1400000US06037216902,87222,30849
1400000US06037217001,129688,41724
1400000US06037217002,101265,9043
1400000US06037217101,89453,66001
1400000US06037217102,97625,45600
1400000US06037217200,91076,23383
1400000US06037218110,48897,24539
1400000US06037218120,57188,13194
1400000US06037218210,59151,6734
1400000US06037218220,81667,12525
1400000US06037218300,78069,26531
1400000US06037218400,103843,14413
1400000US06037218500,77938,24394
1400000US06037218600,76406,16350
1400000US06037218701,51477,21383
1400000US06037218702,61616,7502
1400000US06037218800,53750,5450
1400000US06037218900,63269,15344
1400000US06037219010,87171,31404
1400000US06037219020,80481,28627
1400000US06037219300,57298,20142
1400000US06037219500,103050,43120
1400000US06037219700,82586,30503
1400000US06037219800,69120,13844
1400000US06037219901,63401,25655
1400000US06037219902,107059,69918
1400000US06037220000,65453,31090
1400000US06037220100,73750,29189
1400000US06037221110,48622,9156
1400000US06037221120,47431,8353
1400000US06037221210,71382,23779
1400000US06037221220,54083,15360
1400000US06037221302,37220,26373
1400000US06037221303,61786,18528
1400000US06037221304,47279,15626
1400000US06037221401,49654,15724
1400000US06037221402,36736,16782
1400000US06037221500,46843,13372
1400000US06037221601,63351,27533
1400000US06037221602,58715,15699
1400000US06037221710,46563,7653
1400000US06037221810,33000,5792
1400000US06037221820,28466,5175
1400000US06037221900,29712,7618
1400000US06037222001,74167,13953
1400000US06037222002,71898,10141
1400000US06037222100,58040,23089
1400000US06037222200,52314,23942
1400000US06037222500,65250,20375
1400000US06037222600,45260,13436
1400000US06037222700,54167,30182
1400000US06037224010,39219,14548
1400000US06037224020,38871,11782
1400000US06037224200,57743,11523
1400000US06037224310,59250,27387
1400000US06037224320,38750,36155
1400000US06037224410,41010,15484
1400000US06037224420,26648,4829
1400000US06037224600,50795,10498
1400000US06037224701,32273,24122
1400000US06037224702,5213,1985
1400000US06037226001,34515,8525
1400000US06037226002,52412,21476
1400000US06037226410,47019,11068
1400000US06037226420,48418,13442
1400000US06037226701,61932,24677
1400000US06037226702,66556,14187
1400000US06037227010,50230,6888
1400000US06037227020,67331,9725
1400000US06037228100,65313,22457
1400000US06037228210,58558,19966
1400000US06037228220,60962,29853
1400000US06037228310,53408,6657
1400000US06037228320,57708,21907
1400000US06037228410,64286,18530
1400000US06037228420,80488,11336
1400000US06037228500,46450,14817
1400000US06037228600,59118,25673
1400000US06037228710,62286,27703
1400000US06037228720,65000,14843
1400000US06037228800,54975,35806
1400000US06037228900,38040,16919
1400000US06037229100,65461,24096
1400000US06037229200,48339,12174
1400000US06037229300,59107,7213
1400000US06037229410,65286,12282
1400000US06037229420,70135,11370
1400000US06037231100,59531,22459
1400000US06037231210,43797,6721
1400000US06037231220,37740,6908
1400000US06037231301,58818,5800
1400000US06037231302,61567,13862
1400000US06037231400,55153,38063
1400000US06037231500,91344,23749
1400000US06037231601,83270,7493
1400000US06037231602,84028,30827
1400000US06037231603,60455,26084
1400000US06037231710,56494,9636
1400000US06037231720,45417,24319
1400000US06037231800,48378,12848
1400000US06037231901,83795,47005
1400000US06037231902,45735,22499
1400000US06037232110,58425,12782
1400000US06037232120,53029,13366
1400000US06037232200,91208,21761
1400000US06037232300,75962,27694
1400000US06037232401,73034,11679
1400000US06037232402,74750,14553
1400000US06037232500,67917,18607
1400000US06037232601,76618,17272
1400000US06037232602,73628,31618
1400000US06037232701,96120,12263
1400000US06037232702,78026,18763
1400000US06037232800,52935,25181
1400000US06037234001,86935,12387
1400000US06037234002,73472,21162
1400000US06037234200,79438,12782
1400000US06037234301,38942,9050
1400000US06037234302,46604,15267
1400000US06037234501,78533,20129
1400000US06037234502,29464,8524
1400000US06037234600,76875,23103
1400000US06037234700,90302,15448
1400000US06037234800,72073,16177
1400000US06037234901,49602,6203
1400000US06037234902,24648,14763
1400000US06037235100,86450,8906
1400000US06037235201,64129,10820
1400000US06037235202,50972,18090
1400000US06037236001,113831,16129
1400000US06037236101,34981,7613
1400000US06037236102,52305,45761
1400000US06037236203,32886,9172
1400000US06037236204,42606,16686
1400000US06037236205,36503,10460
1400000US06037236206,50096,16136
1400000US06037236400,101607,16439
1400000US06037237101,57500,23056
1400000US06037237102,51602,12257
1400000US06037237201,67135,18911
1400000US06037237202,50714,32009
1400000US06037237300,86494,19368
1400000US06037237401,76354,24118
1400000US06037237402,85759,24703
1400000US06037237500,44856,6892
1400000US06037237600,43603,17541
1400000US06037237710,48750,11704
1400000US06037237720,45188,18312
1400000US06037237800,71283,30535
1400000US06037237900,77072,24945
1400000US06037238000,61822,31684
1400000US06037238100,67419,19713
1400000US06037238200,49601,18572
1400000US06037238310,50833,16528
1400000US06037238320,28722,11710
1400000US06037238400,68611,16752
1400000US06037239201,54141,16035
1400000US06037239202,59063,18332
1400000US06037239310,51510,17820
1400000US06037239320,53750,11863
1400000US06037239330,76382,13116
1400000US06037239501,59457,8730
1400000US06037239502,52917,12379
1400000US06037239601,58771,8622
1400000US06037239602,53906,19948
1400000US06037239701,40239,16063
1400000US06037239702,61250,22966
1400000US06037239801,65887,14774
1400000US06037239802,47534,14167
1400000US06037240010,39673,17198
1400000US06037240020,67222,33280
1400000US06037240200,56813,7670
1400000US06037240301,65392,13521
1400000US06037240302,44805,20303
1400000US06037240401,38720,3500
1400000US06037240402,68239,29675
1400000US06037240500,57750,33079
1400000US06037240600,64118,6974
1400000US06037240700,60672,11412
1400000US06037240800,56156,26346
1400000US06037240901,48359,11880
1400000US06037240902,43214,21542
1400000US06037241001,121477,33948
1400000US06037241002,58438,7601
1400000US06037241110,73382,13008
1400000US06037241120,42004,16305
1400000US06037241201,63073,5193
1400000US06037241202,52448,8802
1400000US06037241300,50727,8725
1400000US06037241400,65417,47059
1400000US06037242000,57813,7090
1400000US06037242100,29388,3819
1400000US06037242201,76528,31961
1400000US06037242202,45710,9557
1400000US06037242300,53992,7516
1400000US06037242600,21595,10748
1400000US06037242700,52807,7051
1400000US06037243001,72656,18011
1400000US06037243002,74208,12566
1400000US06037243100,33112,7055
1400000US06037261102,250001,-333333333
1400000US06037261103,182212,76214
1400000US06037261104,196071,97547
1400000US06037261200,169432,55945
1400000US06037262100,165795,103852
1400000US06037262200,200171,69380
1400000US06037262301,250001,-333333333
1400000US06037262302,178214,90322
1400000US06037262303,248889,44441
1400000US06037262400,250001,-333333333
1400000US06037262501,250001,-333333333
1400000US06037262601,222400,87750
1400000US06037262604,168750,96266
1400000US06037262704,161923,12689
1400000US06037262706,168164,49182
1400000US06037262802,170500,47140
1400000US06037264000,239181,66332
1400000US06037264102,153482,40889
1400000US06037264103,135357,36576
1400000US06037264303,151003,20953
1400000US06037264304,113505,17522
1400000US06037264305,163859,37990
1400000US06037264306,130018,19405
1400000US06037265100,89355,48427
1400000US06037265201,155781,39370
1400000US06037265203,110725,25279
1400000US06037265204,49306,18433
1400000US06037265301,-666666666,-222222222
1400000US06037265303,31510,6028
1400000US06037265304,19764,4467
1400000US06037265306,57188,41112
1400000US06037265307,29375,12057
1400000US06037265410,232049,70324
1400000US06037265420,244583,57049
1400000US06037265521,85262,17905
1400000US06037265522,92147,21325
1400000US06037265523,76166,21179
1400000US06037265524,123325,16877
1400000US06037265601,150481,65631
1400000US06037265602,95893,45902
1400000US06037265701,135909,38356
1400000US06037265702,102143,29462
1400000US06037267101,91607,30823
1400000US06037267102,128750,54765
1400000US06037267201,102028,34867
1400000US06037267202,125188,25369
1400000US06037267300,112450,49757
1400000US06037267403,99712,29765
1400000US06037267404,80354,4578
1400000US06037267405,105170,29510
1400000US06037267406,90605,15843
1400000US06037267502,84671,23621
1400000US06037267503,156343,70692
1400000US06037267504,98947,29208
1400000US06037267600,89286,27988
1400000US06037267700,126656,25162
1400000US06037267800,120435,14082
1400000US06037267901,195581,84305
1400000US06037267902,153833,39305
1400000US06037269000,187458,70584
1400000US06037269100,77782,30765
1400000US06037269300,219552,43479
1400000US06037269500,250001,-333333333
1400000US06037269601,56154,31138
1400000US06037269602,81953,20449
1400000US06037269700,122731,26179
1400000US06037269800,106621,9652
1400000US06037269903,101524,14268
1400000US06037269905,108611,14509
1400000US06037269906,122308,18132
1400000US06037269907,99837,9725
1400000US06037269908,77222,20817
1400000US06037269909,101581,42009
1400000US06037270101,78940,25198
1400000US06037270102,128186,13193
1400000US06037270200,76905,35537
1400000US06037270300,84063,48359
1400000US06037271100,137167,55170
1400000US06037271200,121366,28520
1400000US06037271300,97721,28840
1400000US06037271400,197992,25227
1400000US06037271500,107679,30060
1400000US06037271600,122554,18673
1400000US06037271702,90972,21414
1400000US06037271703,121354,18401
1400000US06037271704,124638,38302
1400000US06037271801,95096,26157
1400000US06037271803,99469,11085
1400000US06037271804,121827,50748
1400000US06037271901,115917,27787
1400000US06037271902,105288,10578
1400000US06037272100,121719,39790
1400000US06037272201,119018,29923
1400000US06037272202,105111,18208
1400000US06037272301,128655,12868
1400000US06037272302,82288,14611
1400000US06037273100,167143,35641
1400000US06037273200,143702,20358
1400000US06037273300,107633,21035
1400000US06037273403,90425,37981
1400000US06037273404,85688,16462
1400000US06037273502,122969,29421
1400000US06037273600,133944,36116
1400000US06037273700,137935,16108
1400000US06037273800,98462,4540
1400000US06037273902,157115,45431
1400000US06037274100,153068,69594
1400000US06037274202,116552,29877
1400000US06037275101,121250,51137
1400000US06037275102,104197,20070
1400000US06037275200,100833,12915
1400000US06037275311,100977,17680
1400000US06037275312,194784,26521
1400000US06037275313,117341,29407
1400000US06037275400,169591,73364
1400000US06037275500,59076,15844
1400000US06037275603,114519,30175
1400000US06037275604,164651,27241
1400000US06037275605,119783,14525
1400000US06037276000,147470,19977
1400000US06037276101,113786,5162
1400000US06037276102,88750,36039
1400000US06037276400,220350,59839
1400000US06037276500,160517,35063
1400000US06037276601,176346,51413
1400000US06037276605,113594,34611
1400000US06037276606,132339,32760
1400000US06037276607,86648,39779
1400000US06037276608,92206,37303
1400000US06037277000,180385,39911
1400000US06037277100,193846,61697
1400000US06037277200,59621,23494
1400000US06037277400,-666666666,-222222222
1400000US06037278001,76406,40255
1400000US06037278102,174167,16142
1400000US06037291110,60085,25209
1400000US06037291120,57969,25731
1400000US06037291130,96042,23544
1400000US06037291210,73106,30677
1400000US06037291220,82542,12397
1400000US06037291300,92404,39241
1400000US06037292001,54319,6690
1400000US06037292002,118152,40670
1400000US06037293203,54345,14374
1400000US06037293204,120338,40051
1400000US06037293205,61198,10976
1400000US06037293206,62788,34572
1400000US06037293301,120833,26926
1400000US06037293302,104071,32516
1400000US06037293304,61567,8324
1400000US06037293306,112361,24334
1400000US06037293307,70888,36977
1400000US06037294110,89438,8362
1400000US06037294120,58897,29632
1400000US06037294200,88958,18575
1400000US06037294301,101906,19381
1400000US06037294302,66210,11020
1400000US06037294410,78810,20232
1400000US06037294421,65764,13031
1400000US06037294510,65947,14677
1400000US06037294520,58173,10737
1400000US06037294610,65735,22282
1400000US06037294620,75938,27755
1400000US06037294701,36525,6734
1400000US06037294810,45819,9937
1400000US06037294820,33710,9428
1400000US06037294830,63750,23547
1400000US06037294900,31667,24953
1400000US06037295103,120047,21248
1400000US06037296210,57386,19584
1400000US06037296220,46288,9597
1400000US06037296300,83145,20747
1400000US06037296401,116680,25300
1400000US06037296402,142163,27201
1400000US06037296500,96302,12289
1400000US06037296600,41563,13817
1400000US06037296901,73415,28833
1400000US06037296902,57260,13258
1400000US06037297001,184219,69187
1400000US06037297002,108267,11857
1400000US06037297110,54152,6338
1400000US06037297120,94310,41457
1400000US06037297201,67593,16552
1400000US06037297202,97049,17655
1400000US06037297300,114063,17749
1400000US06037297400,136000,34347
1400000US06037297501,168942,45207
1400000US06037297502,96250,34944
1400000US06037297601,90556,19270
1400000US06037297602,94275,8572
1400000US06037300100,183162,34818
1400000US06037300200,121442,45217
1400000US06037300301,135223,42068
1400000US06037300400,136359,45539
1400000US06037300501,109303,22432
1400000US06037300503,75682,47236
1400000US06037300601,111631,19524
1400000US06037300602,116471,38488
1400000US06037300701,154440,55886
1400000US06037300702,155368,8702
1400000US06037300800,116205,50388
1400000US06037300901,166172,18902
1400000US06037300902,186250,68372
1400000US06037301000,116094,57037
1400000US06037301100,87395,13403
1400000US06037301203,80852,13043
1400000US06037301204,75298,14775
1400000US06037301205,108125,29379
1400000US06037301206,81200,21256
1400000US06037301300,201357,41308
1400000US06037301400,150116,35326
1400000US06037301501,163646,57915
1400000US06037301502,80459,7652
1400000US06037301601,54469,31680
1400000US06037301602,76625,19604
1400000US06037301701,90938,70882
1400000US06037301702,84067,18667
1400000US06037301801,81586,9673
1400000US06037301802,90089,20973
1400000US06037301901,72500,27505
1400000US06037301902,101343,10191
1400000US06037302002,58846,2215
1400000US06037302003,61522,4932
1400000US06037302004,52679,11861
1400000US06037302102,93627,28653
1400000US06037302103,68731,20627
1400000US06037302104,82212,12142
1400000US06037302201,35972,14669
1400000US06037302202,52348,7781
1400000US06037302301,87198,20010
1400000US06037302302,61308,12908
1400000US06037302401,73496,11267
1400000US06037302503,62364,17492
1400000US06037302504,41201,9907
1400000US06037302505,64828,18939
1400000US06037302506,85882,18119
1400000US06037310100,171991,17701
1400000US06037310201,133608,20828
1400000US06037310202,101917,19231
1400000US06037310300,139625,33622
1400000US06037310400,110313,33680
1400000US06037310501,77753,14039
1400000US06037310601,67500,21040
1400000US06037310602,113917,44098
1400000US06037310701,29815,24168
1400000US06037310703,67075,22880
1400000US06037310704,63625,14225
1400000US06037310705,42639,33449
1400000US06037310800,85185,42319
1400000US06037310900,117292,37724
1400000US06037311000,121000,23244
1400000US06037311100,99806,19780
1400000US06037311200,96848,26817
1400000US06037311300,119477,22554
1400000US06037311400,133542,34558
1400000US06037311500,137589,20781
1400000US06037311601,108563,36380
1400000US06037311602,94646,13655
1400000US06037311700,112917,18683
1400000US06037311801,75772,11969
1400000US06037311802,98626,10209
1400000US06037320101,115195,12100
1400000US06037320102,116917,65223
1400000US06037320201,72443,21598
1400000US06037320202,98182,33118
1400000US06037320300,70792,18476
1400000US06037400205,208906,23839
1400000US06037400206,200833,25532
1400000US06037400207,149052,28110
1400000US06037400208,147222,29427
1400000US06037400209,142917,73326
1400000US06037400304,84457,23793
1400000US06037400402,154707,17944
1400000US06037400403,128750,27301
1400000US06037400404,185088,40704
1400000US06037400501,100625,75168
1400000US06037400602,84512,9934
1400000US06037400603,118704,34508
1400000US06037400605,96920,24007
1400000US06037400801,120156,19180
1400000US06037401001,133571,21770
1400000US06037401002,91981,10904
1400000US06037401101,79488,8519
1400000US06037401102,103616,24273
1400000US06037401201,146125,32391
1400000US06037401202,110750,26857
1400000US06037401203,101208,15177
1400000US06037401303,161397,47972
1400000US06037401304,139483,28751
1400000US06037401311,92885,26117
1400000US06037401312,87944,19543
1400000US06037401500,89034,10870
1400000US06037401601,100500,27642
1400000US06037401602,78487,16478
1400000US06037401705,136071,18073
1400000US06037401706,98620,21950
1400000US06037401707,65389,12348
1400000US06037401801,150682,32403
1400000US06037401802,156953,38170
1400000US06037401901,84375,13826
1400000US06037401902,103017,15920
1400000US06037402001,64609,26688
1400000US06037402002,104896,28351
1400000US06037402101,119688,17788
1400000US06037402102,100789,14266
1400000US06037402200,86793,14229
1400000US06037402301,78808,17207
1400000US06037402303,61657,18222
1400000US06037402304,48393,10279
1400000US06037402403,87536,7766
1400000US06037402404,-666666666,-222222222
1400000US06037402405,112731,31091
1400000US06037402406,78472,24028
1400000US06037402501,57057,9753
1400000US06037402503,66364,14085
1400000US06037402504,38667,14688
1400000US06037402601,86250,19163
1400000US06037402602,62410,6687
1400000US06037402702,53319,3385
1400000US06037402703,90302,33260
1400000US06037402705,115000,9218
1400000US06037402706,106534,36663
1400000US06037402801,54404,18006
1400000US06037402803,88403,15488
1400000US06037402804,66016,11829
1400000US06037402902,88470,3727
1400000US06037402903,79688,34128
1400000US06037402904,91580,20750
1400000US06037403000,102885,25486
1400000US06037403305,119145,27693
1400000US06037403316,93151,18352
1400000US06037403317,126083,21833
1400000US06037403318,118478,29403
1400000US06037403319,93211,9457
1400000US06037403320,126059,29518
1400000US06037403321,117222,22980
1400000US06037403323,89828,23859
1400000US06037403324,114547,33557
1400000US06037403325,111445,14257
1400000US06037403326,135375,16325
1400000US06037403327,121935,16767
1400000US06037403328,100521,24899
1400000US06037403401,114231,16879
1400000US06037403402,126625,22799
1400000US06037403403,140795,32277
1400000US06037403404,173289,34814
1400000US06037403407,156552,30020
1400000US06037403408,129934,39976
1400000US06037403409,128654,30386
1400000US06037403500,114306,23230
1400000US06037403601,119471,33588
1400000US06037403702,124643,26291
1400000US06037403703,120875,17082
1400000US06037403721,88000,18875
1400000US06037403722,80121,19870
1400000US06037403801,91683,12814
1400000US06037403802,87438,10338
1400000US06037403901,128459,14306
1400000US06037403902,88571,15338
1400000US06037404000,112159,15472
1400000US06037404100,92361,18056
1400000US06037404201,76389,10530
1400000US06037404203,76837,10177
1400000US06037404301,84295,20815
1400000US06037404302,104779,34154
1400000US06037404401,86069,13809
1400000US06037404402,96616,12352
1400000US06037404501,57875,11007
1400000US06037404503,99665,15760
1400000US06037404504,84954,10145
1400000US06037404600,114167,17706
1400000US06037404701,75117,12927
1400000US06037404702,79063,16458
1400000US06037404703,91719,28387
1400000US06037404804,79767,9984
1400000US06037404805,65580,5426
1400000US06037404806,73274,13251
1400000US06037404901,98281,39359
1400000US06037404902,74706,14893
1400000US06037404903,89375,19842
1400000US06037405001,81801,6783
1400000US06037405002,74605,27057
1400000US06037405101,89457,18791
1400000US06037405102,80234,14655
1400000US06037405201,79934,10908
1400000US06037405202,69681,8758
1400000US06037405203,91438,23660
1400000US06037405301,92664,13761
1400000US06037405302,104138,20061
1400000US06037405400,106500,24027
1400000US06037405500,102054,25513
1400000US06037405600,103188,27456
1400000US06037405701,79650,33554
1400000US06037405702,95441,14697
1400000US06037405800,93750,19948
1400000US06037405900,118358,8810
1400000US06037406000,114728,12410
1400000US06037406101,88786,19086
1400000US06037406103,95118,13399
1400000US06037406201,56786,13874
1400000US06037406300,102638,15579
1400000US06037406413,106551,18159
1400000US06037406500,104800,13787
1400000US06037406601,133500,28243
1400000US06037406602,91641,27411
1400000US06037406701,95260,17319
1400000US06037406702,90349,4738
1400000US06037406801,103804,18447
1400000US06037406903,82856,22620
1400000US06037407001,87600,5736
1400000US06037407002,118516,15981
1400000US06037407101,68333,31533
1400000US06037407102,96645,30578
1400000US06037407201,136063,26479
1400000US06037407202,96125,44459
1400000US06037407301,78167,21935
1400000US06037407302,92396,21283
1400000US06037407400,128933,15789
1400000US06037407501,76424,30222
1400000US06037407502,115061,7479
1400000US06037407601,75370,9277
1400000US06037407602,105240,16864
1400000US06037407701,56950,25347
1400000US06037407702,93388,30451
1400000US06037407801,96809,38958
1400000US06037407802,118594,19808
1400000US06037407901,111615,37700
1400000US06037407902,95887,28035
1400000US06037408003,109221,12901
1400000US06037408004,81250,15547
1400000US06037408005,120956,19343
1400000US06037408006,84130,26301
1400000US06037408133,101378,24039
1400000US06037408134,111780,21359
1400000US06037408135,89563,13468
1400000US06037408136,128359,27617
1400000US06037408137,90091,19779
1400000US06037408138,81941,16211
1400000US06037408139,107050,23286
1400000US06037408140,77991,18794
1400000US06037408141,102917,17438
1400000US06037408212,81944,24187
1400000US06037408213,78574,8835
1400000US06037408301,80754,17680
1400000US06037408302,88068,24391
1400000US06037408303,119375,38778
1400000US06037408401,102500,23873
1400000US06037408402,109828,19330
1400000US06037408503,145921,33971
1400000US06037408504,100227,20112
1400000US06037408505,114850,20512
1400000US06037408623,110141,10034
1400000US06037408624,118977,34274
1400000US06037408625,132273,20038
1400000US06037408626,105500,48111
1400000US06037408627,94353,9558
1400000US06037408628,88021,19585
1400000US06037408629,117500,39674
1400000US06037408631,110536,31207
1400000US06037408703,127500,19210
1400000US06037408705,81771,35254
1400000US06037408707,134400,25541
1400000US06037408722,100538,23079
1400000US06037408724,70396,12777
1400000US06037408725,66681,18504
1400000US06037408800,49912,17243
1400000US06037408900,84583,18241
1400000US06037409000,79092,18927
1400000US06037409100,98542,14160
1400000US06037430003,138657,26006
1400000US06037430004,99978,16204
1400000US06037430005,108396,23863
1400000US06037430101,63584,16147
1400000US06037430102,102917,23592
1400000US06037430200,131159,4151
1400000US06037430301,147236,15909
1400000US06037430302,103512,15292
1400000US06037430400,182292,56939
1400000US06037430501,195199,25810
1400000US06037430502,113965,36499
1400000US06037430600,173125,39049
1400000US06037430701,104194,19977
1400000US06037430721,82115,35449
1400000US06037430723,90435,22152
1400000US06037430724,105644,24377
1400000US06037430801,96042,54886
1400000US06037430802,138333,36419
1400000US06037430803,109896,32438
1400000US06037430901,85560,10022
1400000US06037430902,103021,15672
1400000US06037431002,88700,22451
1400000US06037431003,89099,28164
1400000US06037431004,84833,19545
1400000US06037431100,82091,7884
1400000US06037431200,93750,17436
1400000US06037431300,97083,20301
1400000US06037431400,107222,31393
1400000US06037431501,64931,17973
1400000US06037431502,88229,23428
1400000US06037431600,120511,25815
1400000US06037431701,117887,45527
1400000US06037431800,83021,31888
1400000US06037431900,95066,18381
1400000US06037432001,119875,23269
1400000US06037432002,108197,36628
1400000US06037432101,134556,15397
1400000US06037432102,102500,28416
1400000US06037432201,118179,10357
1400000US06037432202,90516,21846
1400000US06037432300,86513,29503
1400000US06037432401,90018,15797
1400000US06037432402,66948,3633
1400000US06037432501,85533,15655
1400000US06037432502,127188,22430
1400000US06037432601,84479,42655
1400000US06037432602,82699,26513
1400000US06037432700,64864,11527
1400000US06037432801,40543,10435
1400000US06037432802,63321,13669
1400000US06037432901,64214,19270
1400000US06037432902,84044,17673
1400000US06037433103,66369,15801
1400000US06037433200,58963,14578
1400000US06037433302,59375,5729
1400000US06037433304,53200,10838
1400000US06037433305,66218,5736
1400000US06037433306,63447,8886
1400000US06037433307,82107,16774
1400000US06037433402,69487,8267
1400000US06037433403,51593,15889
1400000US06037433505,62407,8582
1400000US06037433506,50016,4392
1400000US06037433601,78462,13332
1400000US06037433602,51250,22753
1400000US06037433803,89735,16652
1400000US06037433804,73877,13219
1400000US06037433901,70313,9286
1400000US06037433903,57065,12361
1400000US06037434001,84102,9018
1400000US06037434003,76930,9628
1400000US06037434004,108319,34309
1400000US06037434100,74135,13624
1400000US06037460001,230714,65168
1400000US06037460002,162260,49145
1400000US06037460101,157167,73266
1400000US06037460200,124855,30567
1400000US06037460301,154844,28411
1400000US06037460302,110952,35281
1400000US06037460401,125357,38290
1400000US06037460501,233977,31001
1400000US06037460502,250001,-333333333
1400000US06037460601,239444,45541
1400000US06037460700,220188,32227
1400000US06037460800,250001,-333333333
1400000US06037460900,96370,43667
1400000US06037461000,115278,28028
1400000US06037461100,136336,34804
1400000US06037461200,186023,50685
1400000US06037461300,97279,38789
1400000US06037461400,98077,22749
1400000US06037461501,87177,30239
1400000US06037461502,75275,17296
1400000US06037461600,84659,30251
1400000US06037461700,154926,52050
1400000US06037461901,70109,16934
1400000US06037461902,104750,40813
1400000US06037462001,85000,14287
1400000US06037462002,50240,16320
1400000US06037462100,100516,13398
1400000US06037462201,43167,15235
1400000US06037462202,103963,22920
1400000US06037462301,90030,6401
1400000US06037462302,81829,16191
1400000US06037462400,153333,13937
1400000US06037462500,128214,31794
1400000US06037462600,122500,17929
1400000US06037462700,72750,18581
1400000US06037462800,119375,32968
1400000US06037462900,128632,9416
1400000US06037463000,125598,24999
1400000US06037463103,109136,19750
1400000US06037463200,106105,17898
1400000US06037463300,123317,16611
1400000US06037463400,125769,35906
1400000US06037463500,80363,20389
1400000US06037463601,83083,22232
1400000US06037463602,115699,32092
1400000US06037463700,188403,39790
1400000US06037463800,215714,36976
1400000US06037463900,132163,24283
1400000US06037464000,144607,33147
1400000US06037464101,250001,-333333333
1400000US06037464102,239052,32900
1400000US06037464200,190991,40960
1400000US06037480002,149861,49463
1400000US06037480011,100039,27038
1400000US06037480012,99375,27941
1400000US06037480101,93828,17932
1400000US06037480102,133625,38368
1400000US06037480201,163304,34715
1400000US06037480202,119318,38684
1400000US06037480302,110000,24454
1400000US06037480303,96105,9318
1400000US06037480304,78165,12562
1400000US06037480400,93341,11927
1400000US06037480500,121620,27194
1400000US06037480601,126563,17828
1400000US06037480602,119479,62317
1400000US06037480702,194023,35157
1400000US06037480703,169844,45515
1400000US06037480704,117065,18585
1400000US06037480802,111375,32950
1400000US06037480803,114531,18883
1400000US06037480804,91291,10272
1400000US06037480901,80877,15220
1400000US06037480902,64932,10736
1400000US06037480903,106250,35538
1400000US06037481001,74018,10741
1400000US06037481002,84261,14662
1400000US06037481101,94550,27086
1400000US06037481102,86037,18208
1400000US06037481103,77565,13663
1400000US06037481201,95169,13319
1400000US06037481203,82644,12495
1400000US06037481300,76250,12992
1400000US06037481401,87823,16770
1400000US06037481403,77353,18380
1400000US06037481404,81000,13179
1400000US06037481500,82604,16969
1400000US06037481603,93375,21830
1400000US06037481604,79871,27840
1400000US06037481605,82321,22219
1400000US06037481606,75150,9715
1400000US06037481711,51655,17459
1400000US06037481712,46387,16410
1400000US06037481713,74453,30514
1400000US06037481714,42675,11671
1400000US06037481800,124219,19027
1400000US06037481901,113607,22125
1400000US06037481902,84700,12072
1400000US06037482001,143750,25280
1400000US06037482002,107606,25002
1400000US06037482101,75511,36108
1400000US06037482102,91500,27548
1400000US06037482201,62223,11731
1400000US06037482202,69760,20599
1400000US06037482301,85720,16149
1400000US06037482303,73813,10812
1400000US06037482304,55054,7974
1400000US06037482401,70938,15241
1400000US06037482403,69265,33915
1400000US06037482404,61755,14954
1400000US06037482502,62236,13812
1400000US06037482503,82662,22061
1400000US06037482521,79464,7148
1400000US06037482522,90952,21049
1400000US06037482600,114493,39517
1400000US06037482701,78250,20052
1400000US06037482702,121146,16684
1400000US06037482801,92697,27464
1400000US06037500100,190107,41164
1400000US06037500202,158750,68942
1400000US06037500203,184286,50600
1400000US06037500204,160682,84302
1400000US06037500300,116719,14323
1400000US06037500402,67004,23626
1400000US06037500403,82279,46642
1400000US06037500404,104844,22012
1400000US06037500500,66818,23513
1400000US06037500600,114018,18694
1400000US06037500700,79911,20409
1400000US06037500800,111406,28316
1400000US06037500900,70117,40021
1400000US06037501001,108594,27938
1400000US06037501002,116197,11916
1400000US06037501200,113079,15570
1400000US06037501301,90417,27754
1400000US06037501302,103478,5972
1400000US06037501400,87273,34361
1400000US06037501501,144250,18411
1400000US06037501503,91820,16321
1400000US06037501504,56576,10609
1400000US06037501600,104333,58192
1400000US06037501700,101512,48496
1400000US06037501802,95909,16551
1400000US06037501803,60399,5502
1400000US06037501804,62832,14533
1400000US06037501900,112143,18173
1400000US06037502003,64088,15502
1400000US06037502004,68110,7036
1400000US06037502005,108889,33914
1400000US06037502100,95372,15657
1400000US06037502200,121625,17185
1400000US06037502303,87764,32750
1400000US06037502401,73214,20288
1400000US06037502402,94429,19860
1400000US06037502500,90313,35006
1400000US06037502602,78967,18575
1400000US06037502603,99727,58309
1400000US06037502604,101111,52033
1400000US06037502700,93051,6806
1400000US06037502801,110871,19725
1400000US06037502901,121780,14907
1400000US06037503000,85865,37686
1400000US06037503103,103363,17400
1400000US06037503104,86577,7635
1400000US06037503105,101484,20654
1400000US06037503106,89958,22282
1400000US06037503201,106655,25459
1400000US06037503202,108779,19436
1400000US06037503301,136678,21987
1400000US06037503302,97519,10660
1400000US06037503401,109356,26315
1400000US06037503402,111932,49728
1400000US06037503501,102905,10931
1400000US06037503502,102500,23137
1400000US06037503601,106856,17179
1400000US06037503602,151176,25837
1400000US06037503701,106250,13003
1400000US06037503702,125417,20028
1400000US06037503704,68273,27746
1400000US06037503705,116850,10675
1400000US06037503801,95694,25733
1400000US06037503802,107965,4106
1400000US06037503901,130750,32197
1400000US06037503902,139451,16616
1400000US06037504001,65698,56103
1400000US06037504002,129635,20899
1400000US06037504101,101025,23798
1400000US06037504200,64554,28986
1400000US06037530005,131500,41319
1400000US06037530006,87679,18873
1400000US06037530007,86532,11812
1400000US06037530101,51842,20557
1400000US06037530102,69917,17381
1400000US06037530202,83000,26786
1400000US06037530203,58393,11963
1400000US06037530204,78646,29711
1400000US06037530301,60588,5647
1400000US06037530302,59454,12594
1400000US06037530400,39320,31304
1400000US06037530500,73452,15768
1400000US06037530603,77109,17359
1400000US06037530700,102981,35665
1400000US06037530801,107796,28698
1400000US06037530802,79583,11721
1400000US06037530901,70909,15720
1400000US06037530902,36548,6661
1400000US06037531000,86098,11070
1400000US06037531101,64942,9820
1400000US06037531102,63571,16957
1400000US06037531201,67167,31239
1400000US06037531202,68173,32141
1400000US06037531301,56789,12199
1400000US06037531302,62961,13583
1400000US06037531502,51641,10590
1400000US06037531503,69653,26450
1400000US06037531504,61708,33203
1400000US06037531602,71574,31535
1400000US06037531603,72574,12039
1400000US06037531604,57596,12374
1400000US06037531701,74430,14954
1400000US06037531702,76083,10857
1400000US06037531800,102718,38838
1400000US06037531901,67188,15674
1400000US06037531902,93396,18044
1400000US06037532001,56645,14633
1400000US06037532002,82750,9440
1400000US06037532101,56989,21525
1400000US06037532102,104688,24224
1400000US06037532200,88393,23516
1400000US06037532302,74602,22616
1400000US06037532303,80481,5545
1400000US06037532304,68551,20718
1400000US06037532500,60043,16952
1400000US06037532605,43036,35010
1400000US06037532606,53785,14565
1400000US06037532607,55527,9596
1400000US06037532700,66406,11398
1400000US06037532800,56791,10040
1400000US06037532900,43750,7347
1400000US06037533001,76250,34748
1400000US06037533002,63242,13885
1400000US06037533103,60859,10858
1400000US06037533104,43140,10095
1400000US06037533105,51887,12697
1400000US06037533108,60337,4932
1400000US06037533201,70147,35084
1400000US06037533204,75714,14903
1400000US06037533300,49773,22688
1400000US06037533401,61618,15002
1400000US06037533402,58350,17519
1400000US06037533403,70767,7249
1400000US06037533501,73750,14417
1400000US06037533504,62446,10380
1400000US06037533601,65849,16785
1400000US06037533602,62432,16078
1400000US06037533603,48271,11313
1400000US06037533701,58694,13003
1400000US06037533702,67813,20296
1400000US06037533703,58750,13363
1400000US06037533803,49588,6408
1400000US06037533804,76599,16645
1400000US06037533805,62350,21215
1400000US06037533806,66677,10955
1400000US06037533901,62829,14216
1400000US06037533902,60221,5800
1400000US06037534001,71052,3822
1400000US06037534002,89672,13163
1400000US06037534101,65119,20398
1400000US06037534102,47018,13229
1400000US06037534201,58826,14514
1400000US06037534202,57614,22653
1400000US06037534203,52500,6788
1400000US06037534301,51859,16765
1400000US06037534302,66149,9462
1400000US06037534403,64656,11298
1400000US06037534404,56500,14018
1400000US06037534405,71645,24415
1400000US06037534406,44583,11499
1400000US06037534501,72074,13743
1400000US06037534502,92625,22333
1400000US06037534700,84150,19717
1400000US06037534802,73413,10955
1400000US06037534803,82130,6372
1400000US06037534804,74881,18457
1400000US06037534900,74145,13890
1400000US06037535001,59444,24087
1400000US06037535002,50754,4926
1400000US06037535101,68537,6321
1400000US06037535102,64959,17933
1400000US06037535200,81000,9738
1400000US06037535300,73750,15525
1400000US06037535400,68514,20024
1400000US06037535501,58849,13375
1400000US06037535502,66969,28061
1400000US06037535503,81875,22045
1400000US06037535603,47647,12914
1400000US06037535604,74583,12669
1400000US06037535605,71111,9722
1400000US06037535606,65658,18243
1400000US06037535607,74187,18485
1400000US06037535701,84167,30965
1400000US06037535702,73236,8520
1400000US06037535802,100694,13369
1400000US06037535803,74130,15537
1400000US06037535804,81103,28149
1400000US06037535901,64598,21861
1400000US06037535902,100947,20665
1400000US06037536000,50000,18783
1400000US06037536102,80116,7228
1400000US06037536103,75583,7790
1400000US06037536104,68750,12423
1400000US06037536201,103214,33502
1400000US06037536202,77500,20300
1400000US06037540000,61595,5566
1400000US06037540101,90179,12283
1400000US06037540102,118380,19058
1400000US06037540201,60231,13024
1400000US06037540202,67767,9544
1400000US06037540203,84196,19151
1400000US06037540300,75964,15558
1400000US06037540400,86895,7621
1400000US06037540501,82933,25547
1400000US06037540502,61534,12632
1400000US06037540600,34211,25779
1400000US06037540700,71563,20216
1400000US06037540800,84688,20873
1400000US06037540901,85500,23289
1400000US06037540902,85307,27360
1400000US06037541003,80208,25273
1400000US06037541100,93782,24547
1400000US06037541200,82414,24640
1400000US06037541300,100882,15192
1400000US06037541401,68728,14323
1400000US06037541402,57727,34339
1400000US06037541500,64055,31880
1400000US06037541603,69405,15356
1400000US06037541604,60804,21721
1400000US06037541605,68805,15298
1400000US06037541606,51667,25805
1400000US06037541700,87157,20689
1400000US06037541801,67188,15869
1400000US06037541802,84010,31174
1400000US06037542000,100256,19726
1400000US06037542103,69950,27402
1400000US06037542104,74099,14925
1400000US06037542105,64202,17508
1400000US06037542106,55625,9976
1400000US06037542200,78203,13276
1400000US06037542401,59960,16769
1400000US06037542402,88705,12880
1400000US06037542501,90281,22139
1400000US06037542502,65917,18702
1400000US06037542601,73281,15768
1400000US06037542602,59469,9470
1400000US06037542700,80523,13178
1400000US06037542800,71528,12389
1400000US06037542900,97936,23580
1400000US06037543000,84786,25030
1400000US06037543100,107552,26819
1400000US06037543201,103850,38450
1400000US06037543203,46144,7983
1400000US06037543304,113438,19406
1400000US06037543305,97195,23989
1400000US06037543306,103209,14539
1400000US06037543321,125789,30066
1400000US06037543322,122001,16500
1400000US06037543400,103575,16252
1400000US06037543501,97231,18907
1400000US06037543502,100284,24581
1400000US06037543503,100580,18220
1400000US06037543601,109844,36953
1400000US06037543603,83521,21011
1400000US06037543605,93636,21600
1400000US06037543606,75192,18681
1400000US06037543607,112614,37067
1400000US06037543701,145690,18253
1400000US06037543703,120025,21714
1400000US06037543704,102925,19137
1400000US06037543705,106393,18962
1400000US06037543801,107623,11230
1400000US06037543803,95529,12149
1400000US06037543804,128350,32562
1400000US06037543903,134856,25365
1400000US06037543905,92212,17450
1400000US06037544001,97880,23410
1400000US06037544002,105667,13797
1400000US06037550101,120789,10357
1400000US06037550201,96000,13611
1400000US06037550202,109205,30638
1400000US06037550301,83561,24689
1400000US06037550501,78902,32440
1400000US06037550502,136349,36959
1400000US06037550601,97579,8375
1400000US06037550602,128393,16546
1400000US06037550700,94327,44666
1400000US06037550801,113889,68736
1400000US06037550802,84361,35578
1400000US06037550901,90200,16025
1400000US06037550902,84181,11354
1400000US06037551001,83895,10343
1400000US06037551002,107400,33740
1400000US06037551101,76552,41664
1400000US06037551102,61713,7712
1400000US06037551201,80833,24503
1400000US06037551203,91845,41967
1400000US06037551204,72531,14755
1400000US06037551300,71741,17396
1400000US06037551401,97463,40087
1400000US06037551402,94643,23346
1400000US06037551501,101094,29032
1400000US06037551502,95655,18085
1400000US06037551700,87471,26454
1400000US06037551801,96090,14048
1400000US06037551802,85772,11094
1400000US06037551900,111020,33959
1400000US06037552001,103006,18107
1400000US06037552002,105750,15736
1400000US06037552100,77350,11035
1400000US06037552200,66827,11089
1400000US06037552301,86125,19355
1400000US06037552302,81705,39295
1400000US06037552400,80217,15499
1400000US06037552601,97946,16751
1400000US06037552602,115227,12822
1400000US06037552700,106250,15381
1400000US06037552800,117935,20717
1400000US06037552900,83365,11302
1400000US06037553000,147083,48324
1400000US06037553100,109401,16406
1400000US06037553201,100357,15905
1400000US06037553202,93295,49755
1400000US06037553300,102336,8177
1400000US06037553400,111400,19495
1400000US06037553502,80348,13275
1400000US06037553503,59375,9256
1400000US06037553504,81984,22114
1400000US06037553601,69655,13414
1400000US06037553602,93190,14386
1400000US06037553701,71250,9923
1400000US06037553702,66570,12724
1400000US06037553801,66250,18948
1400000US06037553802,64875,18864
1400000US06037553901,87683,12279
1400000US06037553902,77548,10544
1400000US06037554001,89959,9938
1400000US06037554002,83953,41532
1400000US06037554101,70087,9672
1400000US06037554105,48553,10888
1400000US06037554106,85000,24151
1400000US06037554201,94457,27732
1400000US06037554203,72083,24392
1400000US06037554204,41750,15066
1400000US06037554301,85694,18883
1400000US06037554302,73882,19341
1400000US06037554403,70736,15327
1400000US06037554404,75972,20370
1400000US06037554405,49342,19623
1400000US06037554406,89562,22738
1400000US06037554511,146250,37895
1400000US06037554512,181179,26856
1400000US06037554513,143594,37023
1400000US06037554514,146946,12858
1400000US06037554515,89161,11468
1400000US06037554516,165357,42479
1400000US06037554517,136435,16872
1400000US06037554518,117120,20906
1400000US06037554519,115058,22187
1400000US06037554521,122148,13244
1400000US06037554522,122243,40848
1400000US06037554600,101563,35475
1400000US06037554700,119688,24422
1400000US06037554801,113047,29872
1400000US06037554802,109000,20044
1400000US06037554900,91471,14097
1400000US06037555001,92967,17619
1400000US06037555002,88285,29452
1400000US06037555105,108199,16746
1400000US06037555106,49041,18322
1400000US06037555107,84222,8418
1400000US06037555202,144583,28126
1400000US06037555211,90962,22574
1400000US06037555212,79078,15685
1400000US06037555300,114698,40323
1400000US06037570001,137500,36438
1400000US06037570002,127321,25974
1400000US06037570003,126389,17369
1400000US06037570100,113478,4708
1400000US06037570202,72702,32102
1400000US06037570203,57094,26302
1400000US06037570204,77609,17507
1400000US06037570303,64848,6402
1400000US06037570304,64188,18216
1400000US06037570305,67545,12367
1400000US06037570306,108368,40446
1400000US06037570402,103953,17622
1400000US06037570403,69391,7167
1400000US06037570404,80505,8648
1400000US06037570502,102222,27974
1400000US06037570503,87960,17797
1400000US06037570504,92375,11142
1400000US06037570601,98783,15602
1400000US06037570602,86645,24091
1400000US06037570603,46339,5320
1400000US06037570701,101975,21553
1400000US06037570703,116974,24332
1400000US06037570800,130625,16244
1400000US06037570901,121071,14310
1400000US06037570902,147063,26311
1400000US06037571000,132196,16094
1400000US06037571101,130982,18466
1400000US06037571102,140574,20248
1400000US06037571201,179148,63323
1400000US06037571202,104821,35493
1400000US06037571300,136806,28656
1400000US06037571400,120588,19984
1400000US06037571502,102981,8966
1400000US06037571504,89880,40137
1400000US06037571505,95871,9512
1400000US06037571600,31402,8039
1400000US06037571701,81867,12603
1400000US06037571703,67750,23982
1400000US06037571704,63021,10131
1400000US06037571800,131204,45711
1400000US06037571900,165625,32749
1400000US06037572001,130929,34148
1400000US06037572201,89545,19242
1400000US06037572202,138134,33718
1400000US06037572301,103576,26719
1400000US06037572500,58354,21430
1400000US06037572600,121746,24392
1400000US06037572700,89375,10182
1400000US06037573002,62066,18116
1400000US06037573003,97375,29085
1400000US06037573004,65294,13319
1400000US06037573101,64194,24960
1400000US06037573102,99547,12575
1400000US06037573201,54953,12372
1400000US06037573202,89613,17848
1400000US06037573300,57115,13439
1400000US06037573401,87708,24079
1400000US06037573402,84831,35056
1400000US06037573403,141950,44585
1400000US06037573601,134436,22852
1400000US06037573700,154266,16480
1400000US06037573800,135434,23580
1400000US06037573902,155724,24101
1400000US06037574000,140320,9000
1400000US06037574100,135774,16811
1400000US06037574201,134821,40270
1400000US06037574202,123782,7810
1400000US06037574300,119009,27502
1400000US06037574400,130455,33936
1400000US06037574500,161653,50639
1400000US06037574602,158500,24188
1400000US06037574800,108321,28895
1400000US06037574901,140144,34952
1400000US06037574902,88871,12833
1400000US06037575001,96677,30635
1400000US06037575002,102083,11748
1400000US06037575101,65181,14384
1400000US06037575102,55278,15414
1400000US06037575103,59259,7219
1400000US06037575201,54327,5975
1400000US06037575202,63661,21698
1400000US06037575300,45481,10374
1400000US06037575401,50852,11778
1400000US06037575402,72623,7048
1400000US06037575801,48696,17566
1400000US06037575802,60863,4841
1400000US06037575803,25268,8961
1400000US06037575901,51297,22959
1400000US06037575902,60904,12238
1400000US06037576001,105933,9152
1400000US06037576200,63250,12575
1400000US06037576301,67594,20812
1400000US06037576302,54095,25570
1400000US06037576401,63860,30804
1400000US06037576402,55313,12846
1400000US06037576403,74356,12758
1400000US06037576501,46172,22725
1400000US06037576502,82569,19013
1400000US06037576503,69345,11329
1400000US06037576601,76560,14078
1400000US06037576602,86916,15473
1400000US06037576700,104483,19750
1400000US06037576801,78627,24124
1400000US06037576802,100871,20378
1400000US06037576901,68422,7598
1400000US06037576903,75302,9527
1400000US06037576904,72442,12020
1400000US06037577000,85020,24218
1400000US06037577100,97094,19315
1400000US06037577200,109805,3464
1400000US06037577300,108548,16283
1400000US06037577400,137098,24508
1400000US06037577501,134896,39281
1400000US06037577504,101938,34847
1400000US06037577602,110964,16847
1400000US06037577604,107195,14161
1400000US06037577605,168750,59385
1400000US06037577606,140792,10632
1400000US06037577700,98125,17987
1400000US06037577800,121250,31774
1400000US06037577900,81528,25992
1400000US06037578000,58504,19914
1400000US06037578100,-666666666,-222222222
1400000US06037599000,101288,27437
1400000US06037599100,118882,4156
1400000US06037600100,56102,12506
1400000US06037600201,64583,22148
1400000US06037600202,33134,15591
1400000US06037600302,76288,18352
1400000US06037600303,35573,11914
1400000US06037600304,61378,5582
1400000US06037600400,41726,27918
1400000US06037600501,95645,20956
1400000US06037600601,103333,26579
1400000US06037600602,66541,6997
1400000US06037600702,116071,25924
1400000US06037600703,92826,22022
1400000US06037600704,79630,16740
1400000US06037600801,139494,45726
1400000US06037600802,69018,23397
1400000US06037600902,64163,13467
1400000US06037600911,75167,25013
1400000US06037600912,77637,8300
1400000US06037601001,64650,24560
1400000US06037601002,62986,23297
1400000US06037601100,61563,8198
1400000US06037601202,88750,18078
1400000US06037601211,52788,24843
1400000US06037601212,61023,18430
1400000US06037601301,126307,29538
1400000US06037601302,78608,5724
1400000US06037601303,43010,15955
1400000US06037601401,62042,13578
1400000US06037601402,82917,27204
1400000US06037601501,52708,12648
1400000US06037601502,66801,24856
1400000US06037601600,51250,41870
1400000US06037601700,52938,14062
1400000US06037601801,57098,14006
1400000US06037601802,85590,17905
1400000US06037601900,68518,9248
1400000US06037602002,82770,16731
1400000US06037602003,77736,10551
1400000US06037602103,56660,10083
1400000US06037602104,71959,17772
1400000US06037602105,64276,13127
1400000US06037602106,84431,9950
1400000US06037602201,141857,19572
1400000US06037602202,81719,26844
1400000US06037602301,130163,26548
1400000US06037602302,176066,17749
1400000US06037602402,102917,23703
1400000US06037602403,74883,18089
1400000US06037602404,56165,11362
1400000US06037602504,64984,19849
1400000US06037602505,66250,13306
1400000US06037602506,76826,16072
1400000US06037602507,51446,9596
1400000US06037602510,47231,14177
1400000US06037602511,57625,19125
1400000US06037602512,83920,13525
1400000US06037602513,66406,20436
1400000US06037602601,104125,30871
1400000US06037602602,57708,40712
1400000US06037602700,114702,38778
1400000US06037602801,55329,32732
1400000US06037602802,97961,18869
1400000US06037602900,106083,14066
1400000US06037603004,76696,21191
1400000US06037603005,75459,12426
1400000US06037603006,73242,18639
1400000US06037603007,80035,27960
1400000US06037603008,74280,13476
1400000US06037603101,98017,27725
1400000US06037603102,68300,9812
1400000US06037603200,111711,9927
1400000US06037603301,75217,13737
1400000US06037603302,88889,25356
1400000US06037603400,96508,15372
1400000US06037603500,84712,12606
1400000US06037603600,96932,21002
1400000US06037603702,111845,28324
1400000US06037603703,131023,31358
1400000US06037603705,76622,13523
1400000US06037603706,69476,11045
1400000US06037603801,69706,17293
1400000US06037603802,86744,18242
1400000US06037603901,133378,18904
1400000US06037603902,77199,36399
1400000US06037604001,79167,24041
1400000US06037604002,85967,12547
1400000US06037604101,72051,18952
1400000US06037604102,87891,29714
1400000US06037604200,75880,16175
1400000US06037609900,91429,17841
1400000US06037620001,164141,15213
1400000US06037620002,150458,20164
1400000US06037620101,123261,33720
1400000US06037620102,158816,29903
1400000US06037620201,196563,85921
1400000US06037620301,241250,64972
1400000US06037620303,217083,72319
1400000US06037620305,211158,50610
1400000US06037620400,172188,45282
1400000US06037620501,182560,35262
1400000US06037620521,126071,32283
1400000US06037620522,138617,45944
1400000US06037620601,132416,16204
1400000US06037620602,158000,41931
1400000US06037620701,205080,34718
1400000US06037620703,248207,45932
1400000US06037620704,194597,18775
1400000US06037620801,219188,40668
1400000US06037620802,191250,121620
1400000US06037620901,250001,-333333333
1400000US06037620904,212359,27532
1400000US06037621001,175699,34905
1400000US06037621005,156261,43824
1400000US06037621102,183958,39053
1400000US06037621104,145515,38839
1400000US06037621201,147083,45784
1400000US06037621204,98909,12159
1400000US06037621301,121763,32743
1400000US06037621324,120577,55368
1400000US06037621326,113646,34830
1400000US06037621400,173466,31695
1400000US06037650001,105573,30209
1400000US06037650003,96182,14723
1400000US06037650004,103800,26087
1400000US06037650101,100500,25275
1400000US06037650102,127628,7961
1400000US06037650200,150742,17748
1400000US06037650300,81885,23309
1400000US06037650401,142566,20306
1400000US06037650501,163750,53657
1400000US06037650502,150241,16909
1400000US06037650603,125417,26013
1400000US06037650604,69970,9255
1400000US06037650605,114531,22392
1400000US06037650606,87031,7429
1400000US06037650607,102049,12121
1400000US06037650701,163417,25253
1400000US06037650702,158493,21613
1400000US06037650801,146406,29050
1400000US06037650802,130532,15351
1400000US06037650901,104861,23809
1400000US06037650903,93643,14059
1400000US06037650904,126645,8411
1400000US06037651001,123191,26095
1400000US06037651002,119868,18256
1400000US06037651101,126535,9565
1400000US06037651102,84688,18488
1400000US06037651201,162875,50228
1400000US06037651221,99844,25129
1400000US06037651222,105276,12048
1400000US06037651302,150237,30930
1400000US06037651304,125945,23863
1400000US06037651401,88095,33343
1400000US06037651402,124053,19061
1400000US06037670001,98385,29281
1400000US06037670002,78241,12058
1400000US06037670003,92891,11357
1400000US06037670101,127094,44748
1400000US06037670102,97027,22011
1400000US06037670201,166806,34843
1400000US06037670202,208700,29759
1400000US06037670324,220644,58182
1400000US06037670326,250001,-333333333
1400000US06037670328,243269,48704
1400000US06037670405,183889,68502
1400000US06037670406,239792,39074
1400000US06037670407,158149,42459
1400000US06037670413,214625,36276
1400000US06037670416,169481,13731
1400000US06037670417,183389,34223
1400000US06037670418,192045,56980
1400000US06037670500,250001,-333333333
1400000US06037670603,198194,90922
1400000US06037670604,159962,41632
1400000US06037670701,176829,8560
1400000US06037670702,203409,32918
1400000US06037700101,89610,18081
1400000US06037700102,68036,22697
1400000US06037700200,97490,17449
1400000US06037700300,92778,15662
1400000US06037700400,101078,6695
1400000US06037700501,111885,45018
1400000US06037700502,113661,24248
1400000US06037700600,250001,-333333333
1400000US06037700700,250001,-333333333
1400000US06037700801,85443,12234
1400000US06037700802,121523,9537
1400000US06037700901,104250,22647
1400000US06037700902,89683,41902
1400000US06037701000,149211,63729
1400000US06037701201,190074,58473
1400000US06037701202,131992,28100
1400000US06037701302,130000,28125
1400000US06037701304,134185,19899
1400000US06037701402,84499,31734
1400000US06037701501,147068,49342
1400000US06037701502,122117,25512
1400000US06037701601,196042,41747
1400000US06037701602,96172,43035
1400000US06037701701,84344,15221
1400000US06037701702,80508,29403
1400000US06037701801,91445,23862
1400000US06037701802,96150,12045
1400000US06037701902,107583,22138
1400000US06037702002,103674,27054
1400000US06037702102,134571,41723
1400000US06037702201,114570,31898
1400000US06037702202,170040,65186
1400000US06037702300,121395,42469
1400000US06037702400,149345,54567
1400000US06037702501,157539,56549
1400000US06037702502,125076,37957
1400000US06037702600,110139,37809
1400000US06037702700,162188,39577
1400000US06037702801,89345,20723
1400000US06037702802,111061,9510
1400000US06037702803,132188,76688
1400000US06037702900,146623,17838
1400000US06037703002,165217,51966
1400000US06037703003,98912,7649
1400000US06037703100,133824,29990
1400000US06037703200,126761,25677
1400000US06037800101,198141,34727
1400000US06037800103,157386,65639
1400000US06037800104,148464,37238
1400000US06037800202,250001,-333333333
1400000US06037800204,220986,43889
1400000US06037800205,121348,12616
1400000US06037800206,250001,-333333333
1400000US06037800324,164289,43271
1400000US06037800325,167000,27799
1400000US06037800328,173125,117060
1400000US06037800333,107050,12830
1400000US06037800334,195332,24359
1400000US06037800335,169410,32526
1400000US06037800336,210821,31489
1400000US06037800337,83646,23030
1400000US06037800338,204139,25353
1400000US06037800406,239063,56814
1400000US06037800410,189028,37661
1400000US06037800411,198594,88952
1400000US06037800412,192500,76270
1400000US06037800504,182159,80535
1400000US06037800506,225729,68564
1400000US06037900102,45789,9612
1400000US06037900103,56551,8542
1400000US06037900104,64207,14997
1400000US06037900301,92024,64995
1400000US06037900501,84149,21939
1400000US06037900504,90175,11805
1400000US06037900505,79432,19188
1400000US06037900506,91359,25607
1400000US06037900508,83508,9877
1400000US06037900509,70053,13113
1400000US06037900510,67632,41088
1400000US06037900602,55550,5542
1400000US06037900606,49507,18477
1400000US06037900607,74729,17038
1400000US06037900608,79486,19699
1400000US06037900609,72070,17899
1400000US06037900610,43352,6675
1400000US06037900611,98591,11350
1400000US06037900701,60250,10995
1400000US06037900703,59589,11349
1400000US06037900704,70469,11559
1400000US06037900705,47130,20261
1400000US06037900804,45391,5347
1400000US06037900805,98750,11208
1400000US06037900806,26735,13553
1400000US06037900807,76510,8760
1400000US06037900808,83297,9300
1400000US06037900901,44747,18449
1400000US06037900902,72393,20099
1400000US06037901003,-666666666,-222222222
1400000US06037901007,89063,24528
1400000US06037901008,126906,22172
1400000US06037901009,99801,12872
1400000US06037901010,87232,17963
1400000US06037901011,86573,7993
1400000US06037901012,131250,18046
1400000US06037901013,125929,38491
1400000US06037901014,116615,26525
1400000US06037901101,103125,23853
1400000US06037901102,99420,23742
1400000US06037901209,65433,25176
1400000US06037901210,120977,27470
1400000US06037901214,119641,19930
1400000US06037901215,62121,18038
1400000US06037901216,143939,24301
1400000US06037901217,126250,39023
1400000US06037901218,157411,13793
1400000US06037901300,65398,36784
1400000US06037910002,71778,13689
1400000US06037910210,131676,6276
1400000US06037910211,208125,28849
1400000US06037910212,145938,34469
1400000US06037910213,142661,9980
1400000US06037910214,119615,26225
1400000US06037910215,99128,22629
1400000US06037910216,119505,39736
1400000US06037910217,130170,22934
1400000US06037910218,75625,19100
1400000US06037910301,116056,23193
1400000US06037910302,104722,28671
1400000US06037910401,87580,8835
1400000US06037910404,60542,12257
1400000US06037910405,43409,13237
1400000US06037910501,39403,8916
1400000US06037910502,39433,9875
1400000US06037910504,71007,15838
1400000US06037910505,65792,16983
1400000US06037910601,68661,30687
1400000US06037910602,63611,33469
1400000US06037910605,65411,18096
1400000US06037910606,81895,9293
1400000US06037910607,58839,11889
1400000US06037910608,70682,11148
1400000US06037910706,108563,19464
1400000US06037910707,72256,20094
1400000US06037910709,102566,24880
1400000US06037910712,96324,22472
1400000US06037910713,80764,13813
1400000US06037910714,79653,12434
1400000US06037910715,86250,23491
1400000US06037910716,86330,12135
1400000US06037910717,91333,21406
1400000US06037910718,105588,16658
1400000US06037910719,97792,24575
1400000US06037910720,59871,30704
1400000US06037910721,46136,28697
1400000US06037910804,155625,17002
1400000US06037910807,121010,14095
1400000US06037910808,120625,22911
1400000US06037910809,153088,31805
1400000US06037910810,152778,28532
1400000US06037910814,134250,25556
1400000US06037910815,95435,12470
1400000US06037911001,77381,16375
1400000US06037911100,68038,17270
1400000US06037920013,112083,29902
1400000US06037920015,184496,14863
1400000US06037920016,176591,36105
1400000US06037920017,140365,20537
1400000US06037920018,136719,27947
1400000US06037920020,99815,21872
1400000US06037920028,152468,42166
1400000US06037920029,113438,20206
1400000US06037920030,152042,20081
1400000US06037920031,80179,26424
1400000US06037920034,178125,49362
1400000US06037920035,103750,25497
1400000US06037920038,77669,8886
1400000US06037920039,140700,17736
1400000US06037920040,144915,45185
1400000US06037920041,129375,27165
1400000US06037920042,120130,10808
1400000US06037920043,162303,24776
1400000US06037920044,102796,15346
1400000US06037920045,149167,25238
1400000US06037920046,69534,19115
1400000US06037920047,74846,21479
1400000US06037920048,109482,12882
1400000US06037920049,198843,38430
1400000US06037920050,72713,23190
1400000US06037920102,85294,42700
1400000US06037920104,143269,37092
1400000US06037920106,137813,23672
1400000US06037920109,114469,11693
1400000US06037920110,131397,23041
1400000US06037920111,154925,8712
1400000US06037920112,124504,18415
1400000US06037920114,126422,39927
1400000US06037920115,109844,28475
1400000US06037920116,130000,26058
1400000US06037920118,146319,33938
1400000US06037920119,214417,46726
1400000US06037920120,228065,31444
1400000US06037920121,179006,30515
1400000US06037920200,-666666666,-222222222
1400000US06037920303,127045,38313
1400000US06037920312,90625,19705
1400000US06037920313,155833,27193
1400000US06037920314,143724,9958
1400000US06037920322,117150,33995
1400000US06037920326,133417,35630
1400000US06037920328,117692,40998
1400000US06037920329,117391,27971
1400000US06037920330,104117,9558
1400000US06037920331,126088,9739
1400000US06037920332,100729,13020
1400000US06037920334,110117,19218
1400000US06037920338,194342,31015
1400000US06037920339,164079,35540
1400000US06037920340,87448,25976
1400000US06037920341,63051,9017
1400000US06037920342,88657,25997
1400000US06037920343,85984,7431
1400000US06037930400,99750,23338
1400000US06037980001,-666666666,-222222222
1400000US06037980002,-666666666,-222222222
1400000US06037980003,-666666666,-222222222
1400000US06037980004,-666666666,-222222222
1400000US06037980005,-666666666,-222222222
1400000US06037980006,-666666666,-222222222
1400000US06037980007,-666666666,-222222222
1400000US06037980008,-666666666,-222222222
1400000US06037980009,-666666666,-222222222
1400000US06037980010,-666666666,-222222222
1400000US06037980011,-666666666,-222222222
1400000US06037980012,-666666666,-222222222
1400000US06037980013,-666666666,-222222222
1400000US06037980014,-666666666,-222222222
1400000US06037980015,79375,25264
1400000US06037980016,70667,13867
1400000US06037980017,-666666666,-222222222
1400000US06037980018,-666666666,-222222222
1400000US06037980019,-666666666,-222222222
1400000US06037980020,-666666666,-222222222
1400000US06037980021,-666666666,-222222222
1400000US06037980022,-666666666,-222222222
1400000US06037980023,-666666666,-222222222
1400000US06037980024,130598,61164
1400000US06037980025,80227,51787
1400000US06037980026,-666666666,-222222222
1400000US06037980028,-666666666,-222222222
1400000US06037980030,-666666666,-222222222
1400000US06037980031,-666666666,-222222222
1400000US06037980033,-666666666,-222222222
1400000US06037980034,-666666666,-222222222
1400000US06037980035,68603,22141
1400000US06037980036,159088,33160
1400000US06037980037,-666666666,-222222222
1400000US06037980038,-666666666,-222222222
1400000US06037980039,-666666666,-222222222
1400000US06037990100,-666666666,-222222222
1400000US06037990200,-666666666,-222222222
1400000US06037990300,-666666666,-222222222
1400000US06039000102,92417,15538
1400000US06039000103,78714,8879
1400000US06039000104,84335,20466
1400000US06039000106,97813,10289
1400000US06039000109,96957,31900
1400000US06039000110,85139,6107
1400000US06039000111,77216,25020
1400000US06039000201,46947,5776
1400000US06039000203,73906,20689
1400000US06039000204,104000,13237
1400000US06039000301,70281,25289
1400000US06039000302,60118,15275
1400000US06039000506,80456,9822
1400000US06039000509,133030,21970
1400000US06039000510,59095,15266
1400000US06039000511,88153,28652
1400000US06039000512,97690,17206
1400000US06039000513,83315,17145
1400000US06039000514,89179,9418
1400000US06039000515,66616,10203
1400000US06039000516,113281,9617
1400000US06039000517,106200,42167
1400000US06039000518,51587,13813
1400000US06039000602,34082,7307
1400000US06039000603,43804,5868
1400000US06039000604,54229,11399
1400000US06039000701,83310,9420
1400000US06039000702,66130,7534
1400000US06039000801,26667,9962
1400000US06039000802,45188,16678
1400000US06039000901,40433,21033
1400000US06039000902,91310,29383
1400000US06039000903,62137,21208
1400000US06039001100,94809,22544
1400000US06041101100,208958,86879
1400000US06041101200,114646,22982
1400000US06041102100,127500,13529
1400000US06041102202,104432,27566
1400000US06041102203,83629,4437
1400000US06041103100,179097,35851
1400000US06041103200,93173,49112
1400000US06041104102,92616,11197
1400000US06041104103,166042,55726
1400000US06041104104,156681,22798
1400000US06041104200,112134,21846
1400000US06041104300,167039,14445
1400000US06041105001,98375,44270
1400000US06041105002,136153,21484
1400000US06041106001,125667,31477
1400000US06041106002,129561,14545
1400000US06041107000,200761,42266
1400000US06041108100,174444,36108
1400000US06041108201,78889,42666
1400000US06041108202,108056,39897
1400000US06041109001,151023,37438
1400000US06041109002,155718,22210
1400000US06041110100,104066,37551
1400000US06041110200,204931,59266
1400000US06041111001,85972,12949
1400000US06041111002,93756,6291
1400000US06041112100,99450,23346
1400000US06041112202,110515,25125
1400000US06041112203,68893,22731
1400000US06041112204,90811,59060
1400000US06041113000,147062,20328
1400000US06041114100,164706,42409
1400000US06041114200,133750,28061
1400000US06041115000,198036,30430
1400000US06041116000,182381,28754
1400000US06041117000,154458,35628
1400000US06041118100,250001,-333333333
1400000US06041119100,244702,30018
1400000US06041119201,92381,17557
1400000US06041119202,250001,-333333333
1400000US06041120001,152167,67085
1400000US06041120002,235313,67749
1400000US06041121100,215798,61946
1400000US06041121200,216731,35968
1400000US06041122000,-666666666,-222222222
1400000US06041123000,250001,-333333333
1400000US06041124100,245986,28374
1400000US06041124200,235161,76527
1400000US06041125000,148646,38809
1400000US06041126100,227566,41189
1400000US06041126200,147089,21581
1400000US06041127000,200978,54200
1400000US06041128100,229813,29422
1400000US06041128200,250001,-333333333
1400000US06041129000,58901,11624
1400000US06041130201,205259,35152
1400000US06041130203,182658,60271
1400000US06041130204,167330,29897
1400000US06041131100,185104,43863
1400000US06041132100,101736,50129
1400000US06041132200,81602,45419
1400000US06041133000,114167,28141
1400000US06041990100,-666666666,-222222222
1400000US06043000101,60536,14592
1400000US06043000102,78264,17054
1400000US06043000200,75459,26931
1400000US06043000301,78977,30229
1400000US06043000302,65083,18416
1400000US06043000400,55212,19497
1400000US06045010100,46339,12732
1400000US06045010200,35104,11300
1400000US06045010300,56755,3668
1400000US06045010400,70694,23230
1400000US06045010500,50139,8913
1400000US06045010601,71791,20476
1400000US06045010602,94618,41595
1400000US06045010700,70781,23092
1400000US06045010801,73571,35019
1400000US06045010802,80313,29385
1400000US06045010900,76382,20756
1400000US06045011001,42895,39280
1400000US06045011003,64224,26387
1400000US06045011004,73576,8489
1400000US06045011102,114044,15724
1400000US06045011200,57115,7262
1400000US06045011300,73333,17183
1400000US06045011400,91400,32795
1400000US06045011501,95388,24195
1400000US06045011502,47226,15061
1400000US06045011600,41926,8552
1400000US06045011700,93550,39647
1400000US06045011800,83672,33386
1400000US06045990100,-666666666,-222222222
1400000US06047000201,91250,32111
1400000US06047000202,89659,22183
1400000US06047000204,63840,18595
1400000US06047000205,68859,9523
1400000US06047000301,80781,12860
1400000US06047000303,76350,10191
1400000US06047000305,74012,14242
1400000US06047000306,61058,21972
1400000US06047000401,58674,29069
1400000US06047000403,73984,17892
1400000US06047000404,81723,12627
1400000US06047000503,87656,13839
1400000US06047000504,48684,10473
1400000US06047000505,66250,9321
1400000US06047000601,56429,9933
1400000US06047000602,67628,16442
1400000US06047000603,63263,12934
1400000US06047000701,62045,14044
1400000US06047000702,120833,25125
1400000US06047000801,64002,8231
1400000US06047000802,65163,27434
1400000US06047000901,61432,11514
1400000US06047000903,52466,9924
1400000US06047000904,85121,34559
1400000US06047001003,55380,8217
1400000US06047001004,54650,12229
1400000US06047001005,46882,3194
1400000US06047001006,71472,19471
1400000US06047001007,86691,17093
1400000US06047001008,131762,24579
1400000US06047001101,81469,3640
1400000US06047001200,85298,20473
1400000US06047001301,42600,22646
1400000US06047001302,43065,10718
1400000US06047001401,38359,15741
1400000US06047001402,63958,16376
1400000US06047001501,80625,14133
1400000US06047001502,43188,6734
1400000US06047001503,34697,11727
1400000US06047001601,40324,16260
1400000US06047001603,60127,8010
1400000US06047001604,66583,12749
1400000US06047001700,52944,8771
1400000US06047001801,81850,38696
1400000US06047001901,48690,30007
1400000US06047001902,55000,24105
1400000US06047002001,62361,9006
1400000US06047002002,59196,12138
1400000US06047002100,83214,27929
1400000US06047002201,44509,21351
1400000US06047002203,82321,25592
1400000US06047002204,95123,19162
1400000US06047002301,84329,17462
1400000US06047002303,44948,18900
1400000US06047002304,80090,25885
1400000US06047002305,80284,25903
1400000US06047002306,67143,10778
1400000US06047002401,45575,7437
1400000US06047002403,41360,27242
1400000US06047002404,45726,13863
1400000US06047002500,107900,17773
1400000US06047002601,112519,19436
1400000US06047002602,129583,25020
1400000US06049000100,60609,11103
1400000US06049000200,56354,14289
1400000US06049000300,61696,9746
1400000US06049000400,53493,6469
1400000US06051000101,112721,25303
1400000US06051000102,105091,49984
1400000US06051000201,115962,19311
1400000US06051000202,84921,23424
1400000US06053000101,110313,18912
1400000US06053000103,95325,15764
1400000US06053000104,120391,19936
1400000US06053000105,150221,46207
1400000US06053000106,99063,16263
1400000US06053000200,105000,22977
1400000US06053000300,93606,10001
1400000US06053000400,64165,8681
1400000US06053000501,69028,13931
1400000US06053000502,75662,23180
1400000US06053000600,58582,14284
1400000US06053000701,65223,14587
1400000US06053000702,81607,17308
1400000US06053000800,71737,8681
1400000US06053000900,74083,16061
1400000US06053001200,89180,23233
1400000US06053001300,50250,30664
1400000US06053001400,112768,17343
1400000US06053001500,98250,31302
1400000US06053001600,131307,7522
1400000US06053001700,100705,29301
1400000US06053001801,102024,13165
1400000US06053001802,80432,20040
1400000US06053010101,64896,17776
1400000US06053010102,172083,59647
1400000US06053010202,83531,31398
1400000US06053010305,102102,30600
1400000US06053010306,53900,19770
1400000US06053010400,89354,10624
1400000US06053010501,122890,22523
1400000US06053010504,94635,14307
1400000US06053010505,77543,13745
1400000US06053010506,75841,7760
1400000US06053010603,134401,11986
1400000US06053010604,120000,31343
1400000US06053010605,116333,52661
1400000US06053010606,102474,12799
1400000US06053010607,84238,11024
1400000US06053010608,123646,16797
1400000US06053010702,179167,66695
1400000US06053010804,61527,7971
1400000US06053010900,-666666666,-222222222
1400000US06053011001,140233,34515
1400000US06053011002,167159,49974
1400000US06053011101,84583,40159
1400000US06053011103,88232,25390
1400000US06053011104,89118,37471
1400000US06053011105,105903,24334
1400000US06053011106,127000,15954
1400000US06053011202,87794,16912
1400000US06053011203,82873,7407
1400000US06053011204,85091,18981
1400000US06053011302,52476,6089
1400000US06053011303,93791,35264
1400000US06053011305,85417,18100
1400000US06053011306,76294,7981
1400000US06053011400,101750,16141
1400000US06053011502,79450,19958
1400000US06053011604,101250,64030
1400000US06053011605,84777,27453
1400000US06053011606,199643,84651
1400000US06053011700,183036,21466
1400000US06053011801,-666666666,-222222222
1400000US06053011802,137750,40399
1400000US06053011901,142054,36843
1400000US06053011902,144250,40645
1400000US06053012000,103857,15568
1400000US06053012100,126328,16795
1400000US06053012200,121667,18199
1400000US06053012302,115644,23603
1400000US06053012401,96429,37606
1400000US06053012402,92896,12112
1400000US06053012503,126000,45633
1400000US06053012504,77292,26231
1400000US06053012601,115625,33371
1400000US06053012700,91923,14296
1400000US06053012800,129179,32399
1400000US06053013000,86219,19735
1400000US06053013100,119821,46007
1400000US06053013200,197882,20098
1400000US06053013300,97188,13444
1400000US06053013400,131750,16989
1400000US06053013500,98837,20961
1400000US06053013600,93459,7291
1400000US06053013700,68400,15981
1400000US06053013800,85195,16862
1400000US06053013900,83250,19879
1400000US06053014000,58125,19061
1400000US06053014102,115606,40451
1400000US06053014104,-666666666,-222222222
1400000US06053014105,105573,30155
1400000US06053014108,79931,27781
1400000US06053014109,113728,23058
1400000US06053014110,186972,36543
1400000US06053014201,100881,5744
1400000US06053014202,79963,25164
1400000US06053014301,91493,28196
1400000US06053014302,89420,14299
1400000US06053014500,91198,17666
1400000US06053014601,97107,7854
1400000US06053014700,82247,34994
1400000US06053014800,98897,24027
1400000US06053980000,-666666666,-222222222
1400000US06053990000,-666666666,-222222222
1400000US06055200201,87927,12232
1400000US06055200202,80278,22053
1400000US06055200203,76625,25063
1400000US06055200301,101114,18746
1400000US06055200302,130341,19735
1400000US06055200400,129844,27540
1400000US06055200501,97663,13980
1400000US06055200503,119833,24945
1400000US06055200504,82193,26070
1400000US06055200505,88566,15785
1400000US06055200601,125625,22269
1400000US06055200602,121691,20700
1400000US06055200703,151250,28113
1400000US06055200704,76500,45712
1400000US06055200705,103191,25350
1400000US06055200706,170556,33904
1400000US06055200707,112174,17408
1400000US06055200802,113654,29403
1400000US06055200803,144500,30522
1400000US06055200804,100093,13330
1400000US06055200900,-666666666,-222222222
1400000US06055201003,143646,29560
1400000US06055201004,100859,9935
1400000US06055201005,103056,21428
1400000US06055201006,150417,15378
1400000US06055201007,140547,26536
1400000US06055201101,140667,22232
1400000US06055201102,116696,36309
1400000US06055201200,77500,17826
1400000US06055201300,80342,14107
1400000US06055201401,172694,34538
1400000US06055201402,188207,33390
1400000US06055201403,144063,104167
1400000US06055201500,121681,23576
1400000US06055201601,103214,39571
1400000US06055201602,171023,49294
1400000US06055201700,128859,30530
1400000US06055201800,104375,17075
1400000US06055201900,134375,20833
1400000US06055202000,85446,30295
1400000US06057000102,101629,20082
1400000US06057000104,76389,15279
1400000US06057000105,113750,31885
1400000US06057000106,124821,25058
1400000US06057000107,103698,13959
1400000US06057000200,109081,17599
1400000US06057000300,113398,5701
1400000US06057000401,86250,13702
1400000US06057000403,102500,34682
1400000US06057000404,78417,27797
1400000US06057000502,60397,14301
1400000US06057000503,103676,40967
1400000US06057000504,74214,15674
1400000US06057000601,33596,25590
1400000US06057000602,49047,16793
1400000US06057000701,101454,15483
1400000US06057000702,82181,15341
1400000US06057000801,93056,36206
1400000US06057000802,88455,18326
1400000US06057000900,59628,23991
1400000US06057001205,144324,19141
1400000US06057001207,91971,30603
1400000US06057001208,187939,83163
1400000US06057001209,107787,15366
1400000US06057001210,196875,27545
1400000US06057001211,143487,66130
1400000US06059001101,120870,4795
1400000US06059001102,136800,27553
1400000US06059001103,90583,20676
1400000US06059001201,89738,16213
1400000US06059001202,68977,13925
1400000US06059001301,92037,15901
1400000US06059001303,95000,20177
1400000US06059001304,73472,5970
1400000US06059001401,88246,17522
1400000US06059001402,102648,18264
1400000US06059001403,184205,26393
1400000US06059001404,99111,10543
1400000US06059001501,115203,19214
1400000US06059001503,110893,25040
1400000US06059001504,98235,14422
1400000US06059001505,128750,27358
1400000US06059001506,111821,32161
1400000US06059001507,107000,22219
1400000US06059001602,159911,20387
1400000US06059001603,117019,19633
1400000US06059001604,154432,52653
1400000US06059001704,158885,19958
1400000US06059001705,121646,8420
1400000US06059001706,209028,44460
1400000US06059001708,145000,26793
1400000US06059001709,150189,29372
1400000US06059001710,127321,39860
1400000US06059001801,82955,51998
1400000US06059001802,75685,12653
1400000US06059001901,115221,22117
1400000US06059001902,107031,36763
1400000US06059001903,104125,16183
1400000US06059011000,119214,33239
1400000US06059011101,113846,13065
1400000US06059011102,116696,16104
1400000US06059011200,111944,31930
1400000US06059011300,95597,17761
1400000US06059011401,155781,17097
1400000US06059011402,146435,10038
1400000US06059011403,74678,13221
1400000US06059011502,111898,39489
1400000US06059011503,140750,64459
1400000US06059011504,72529,11529
1400000US06059011601,85822,17211
1400000US06059011602,68396,8612
1400000US06059011707,104005,13697
1400000US06059011708,73351,18873
1400000US06059011709,148875,43608
1400000US06059011710,153542,30520
1400000US06059011711,60707,8175
1400000US06059011712,100642,19986
1400000US06059011714,124063,16459
1400000US06059011715,102199,17726
1400000US06059011716,120195,19184
1400000US06059011717,160577,20898
1400000US06059011718,151281,30595
1400000US06059011720,67454,13464
1400000US06059011721,104528,10663
1400000US06059011722,78560,17623
1400000US06059021802,160906,41150
1400000US06059021807,116815,15282
1400000US06059021809,145545,16125
1400000US06059021810,131549,15907
1400000US06059021812,123134,27521
1400000US06059021813,-666666666,-222222222
1400000US06059021814,145174,23271
1400000US06059021816,133247,7944
1400000US06059021817,116184,33887
1400000US06059021820,170636,15414
1400000US06059021821,125477,13540
1400000US06059021822,174232,29238
1400000US06059021823,140682,31257
1400000US06059021824,202632,46157
1400000US06059021825,160694,54692
1400000US06059021826,133438,11590
1400000US06059021827,162539,35288
1400000US06059021828,197315,35665
1400000US06059021829,194375,27585
1400000US06059021830,196023,57345
1400000US06059021831,167853,52484
1400000US06059021832,214491,31325
1400000US06059021903,153594,25648
1400000US06059021905,172005,36300
1400000US06059021912,205592,35392
1400000US06059021913,136528,26528
1400000US06059021914,151265,13983
1400000US06059021915,155686,27793
1400000US06059021916,158456,33535
1400000US06059021917,169597,65243
1400000US06059021918,126972,15562
1400000US06059021919,124078,18256
1400000US06059021920,188239,34225
1400000US06059021921,208259,35656
1400000US06059021922,136768,13646
1400000US06059021923,137377,27004
1400000US06059021924,158281,24955
1400000US06059032002,167005,37725
1400000US06059032003,181550,15291
1400000US06059032011,97500,43864
1400000US06059032012,150789,32568
1400000US06059032013,131182,15344
1400000US06059032014,82003,13258
1400000US06059032015,183232,15812
1400000US06059032020,154449,26820
1400000US06059032022,108605,22526
1400000US06059032027,116329,21624
1400000US06059032028,87417,16253
1400000US06059032029,131250,18575
1400000US06059032030,121136,28841
1400000US06059032031,134957,34758
1400000US06059032032,131926,28821
1400000US06059032033,123109,13352
1400000US06059032034,206806,18341
1400000US06059032035,138322,24046
1400000US06059032036,163068,38698
1400000US06059032037,111957,50306
1400000US06059032038,179667,21371
1400000US06059032039,111125,32545
1400000US06059032040,176583,26955
1400000US06059032041,155089,70288
1400000US06059032042,179205,32271
1400000US06059032043,207330,22249
1400000US06059032044,241875,45183
1400000US06059032045,220714,51297
1400000US06059032046,250001,-333333333
1400000US06059032047,100176,11248
1400000US06059032048,145676,22917
1400000US06059032049,169971,35038
1400000US06059032050,149545,22683
1400000US06059032051,91667,26985
1400000US06059032053,184722,49820
1400000US06059032054,109738,18452
1400000US06059032055,113095,38233
1400000US06059032057,186250,32784
1400000US06059032058,212446,51046
1400000US06059032059,200237,32029
1400000US06059032061,189091,24018
1400000US06059032062,250001,-333333333
1400000US06059032063,215208,89508
1400000US06059032064,141250,10251
1400000US06059032065,230542,21339
1400000US06059032066,190549,36697
1400000US06059042106,149286,44151
1400000US06059042107,72703,30098
1400000US06059042108,98598,11237
1400000US06059042109,124000,39275
1400000US06059042111,162959,31487
1400000US06059042112,193750,84258
1400000US06059042113,117857,18102
1400000US06059042114,143990,30019
1400000US06059042115,125583,22752
1400000US06059042116,161685,34003
1400000US06059042201,126250,23243
1400000US06059042203,137607,34691
1400000US06059042205,138824,29692
1400000US06059042206,101250,37418
1400000US06059042305,171910,61011
1400000US06059042307,141875,13950
1400000US06059042311,139389,54738
1400000US06059042312,109765,28851
1400000US06059042313,127756,17336
1400000US06059042315,137731,29219
1400000US06059042317,136585,27077
1400000US06059042319,197794,30351
1400000US06059042320,96364,9577
1400000US06059042323,128658,37092
1400000US06059042324,172667,58709
1400000US06059042325,148091,11615
1400000US06059042326,134485,32563
1400000US06059042327,130350,30956
1400000US06059042328,243214,37044
1400000US06059042329,143056,45666
1400000US06059042330,127200,8431
1400000US06059042331,140959,34464
1400000US06059042332,155125,46208
1400000US06059042333,178021,47998
1400000US06059042334,106064,35771
1400000US06059042335,124145,20470
1400000US06059042336,173798,20207
1400000US06059042337,190299,34426
1400000US06059042338,157137,30358
1400000US06059042339,122426,34530
1400000US06059042340,79405,27086
1400000US06059042341,129785,9877
1400000US06059052408,149013,18015
1400000US06059052410,111145,17710
1400000US06059052411,144342,17938
1400000US06059052415,163281,37486
1400000US06059052416,172778,26907
1400000US06059052417,109868,55883
1400000US06059052419,188889,51651
1400000US06059052421,141023,36177
1400000US06059052422,151884,35578
1400000US06059052423,119141,22833
1400000US06059052424,111181,16525
1400000US06059052425,105035,14565
1400000US06059052427,194167,12247
1400000US06059052428,173582,27801
1400000US06059052429,157724,33456
1400000US06059052430,184668,22698
1400000US06059052431,168482,45298
1400000US06059052432,146161,29258
1400000US06059052433,129502,16160
1400000US06059052434,177361,16556
1400000US06059052435,202930,34189
1400000US06059052436,228490,49650
1400000US06059052437,140946,30870
1400000US06059052438,160000,50361
1400000US06059052439,174088,26646
1400000US06059052502,150568,25637
1400000US06059052505,88368,6769
1400000US06059052506,139821,39187
1400000US06059052511,145815,8961
1400000US06059052513,117316,24499
1400000US06059052514,119370,12943
1400000US06059052518,98243,13262
1400000US06059052519,152837,41710
1400000US06059052520,113148,24847
1400000US06059052521,124788,24901
1400000US06059052522,124474,12546
1400000US06059052523,141637,33514
1400000US06059052524,130703,25077
1400000US06059052526,139261,16275
1400000US06059052527,149900,29887
1400000US06059052528,191714,38872
1400000US06059052529,178542,24781
1400000US06059052530,145833,24404
1400000US06059052531,164254,38377
1400000US06059052532,122455,22938
1400000US06059052533,145127,17441
1400000US06059052534,98643,23682
1400000US06059052535,165235,13224
1400000US06059062605,108160,31950
1400000US06059062610,114347,16470
1400000US06059062611,97054,14947
1400000US06059062614,91529,38201
1400000US06059062619,145074,39214
1400000US06059062620,150000,54589
1400000US06059062622,61420,17272
1400000US06059062625,71398,12960
1400000US06059062626,62719,37480
1400000US06059062627,73073,8332
1400000US06059062628,108350,14921
1400000US06059062629,216875,30769
1400000US06059062630,174688,41925
1400000US06059062631,188415,36699
1400000US06059062632,139764,26835
1400000US06059062633,237935,19345
1400000US06059062634,157669,24799
1400000US06059062635,170361,19877
1400000US06059062636,125200,7986
1400000US06059062637,117757,16687
1400000US06059062638,146094,41377
1400000US06059062639,145208,22400
1400000US06059062640,107500,29859
1400000US06059062641,110679,27938
1400000US06059062642,250001,-333333333
1400000US06059062643,207557,50927
1400000US06059062645,180417,62834
1400000US06059062646,60542,15374
1400000US06059062647,86081,22214
1400000US06059062648,57413,19762
1400000US06059062649,88009,36061
1400000US06059062650,145781,40730
1400000US06059062651,101563,29306
1400000US06059062652,109954,23473
1400000US06059062653,146983,30571
1400000US06059062654,137159,65323
1400000US06059062655,196016,43153
1400000US06059062656,171835,48316
1400000US06059062657,147029,140556
1400000US06059062658,141250,41835
1400000US06059062701,153281,39182
1400000US06059062702,163750,66443
1400000US06059062800,198846,64495
1400000US06059062900,179583,87735
1400000US06059063004,124957,29563
1400000US06059063005,133750,52819
1400000US06059063006,165955,26186
1400000US06059063007,171538,45765
1400000US06059063008,203191,93126
1400000US06059063009,250001,-333333333
1400000US06059063010,122153,18661
1400000US06059063101,110250,32391
1400000US06059063102,125667,27425
1400000US06059063103,167708,103561
1400000US06059063201,129038,51629
1400000US06059063202,100109,34431
1400000US06059063301,174904,25041
1400000US06059063302,135302,22406
1400000US06059063400,185694,40403
1400000US06059063500,143381,21042
1400000US06059063601,146953,30379
1400000US06059063603,160933,31177
1400000US06059063604,87750,20763
1400000US06059063605,104920,10322
1400000US06059063701,70335,20574
1400000US06059063702,83857,12238
1400000US06059063802,161705,51312
1400000US06059063803,134856,16631
1400000US06059063805,127350,24570
1400000US06059063806,129342,22821
1400000US06059063807,89205,25284
1400000US06059063808,92083,13838
1400000US06059063902,96585,9677
1400000US06059063903,136696,46801
1400000US06059063904,107222,25639
1400000US06059063905,118167,28086
1400000US06059063906,85828,15067
1400000US06059063908,106250,17059
1400000US06059063909,132813,25277
1400000US06059063910,138587,5240
1400000US06059074003,120214,22330
1400000US06059074004,117381,10968
1400000US06059074005,103005,23375
1400000US06059074006,91827,19093
1400000US06059074102,101202,25184
1400000US06059074103,120955,24346
1400000US06059074106,98594,8705
1400000US06059074107,112877,27097
1400000US06059074108,106131,22571
1400000US06059074109,107159,20716
1400000US06059074110,139491,23331
1400000US06059074111,121917,25435
1400000US06059074200,98793,17395
1400000US06059074300,90074,15439
1400000US06059074403,70096,15698
1400000US06059074405,65849,5421
1400000US06059074406,80938,15767
1400000US06059074407,62309,12392
1400000US06059074408,82746,14615
1400000US06059074501,53613,10575
1400000US06059074502,77750,19966
1400000US06059074601,98190,28711
1400000US06059074602,96838,15748
1400000US06059074701,113558,24416
1400000US06059074702,116679,19302
1400000US06059074801,96667,17141
1400000US06059074802,92306,6301
1400000US06059074803,106450,7981
1400000US06059074805,74583,10246
1400000US06059074806,99241,14512
1400000US06059074901,73598,25362
1400000US06059074902,74609,13953
1400000US06059075002,60736,9242
1400000US06059075003,56581,19047
1400000US06059075004,63833,11483
1400000US06059075100,85727,16864
1400000US06059075201,82659,7848
1400000US06059075202,116250,38814
1400000US06059075301,125875,24848
1400000US06059075302,125682,9744
1400000US06059075303,165074,34476
1400000US06059075401,99659,19790
1400000US06059075403,98657,9153
1400000US06059075404,115738,6503
1400000US06059075405,135288,21704
1400000US06059075504,108047,35008
1400000US06059075505,73203,25849
1400000US06059075506,118095,32567
1400000US06059075507,95427,23356
1400000US06059075512,76900,25735
1400000US06059075513,92904,9351
1400000US06059075514,85425,8035
1400000US06059075516,115453,29513
1400000US06059075517,107668,21659
1400000US06059075518,150565,36905
1400000US06059075603,118606,37148
1400000US06059075604,191600,35554
1400000US06059075605,191314,40924
1400000US06059075606,192877,39208
1400000US06059075607,128438,18128
1400000US06059075701,150511,38511
1400000US06059075702,179821,29864
1400000US06059075703,176094,32061
1400000US06059075805,87396,14784
1400000US06059075806,86783,21886
1400000US06059075807,157656,71769
1400000US06059075808,171477,27408
1400000US06059075809,229238,41557
1400000US06059075810,155114,35991
1400000US06059075811,120227,34301
1400000US06059075812,101264,6548
1400000US06059075813,179032,30851
1400000US06059075814,196446,14767
1400000US06059075815,119444,34431
1400000US06059075816,99474,28472
1400000US06059075901,82243,24121
1400000US06059075902,74792,12516
1400000US06059076001,82327,24441
1400000US06059076002,114550,36919
1400000US06059076102,82292,13952
1400000US06059076103,72440,17747
1400000US06059076104,128333,21117
1400000US06059076105,140793,46360
1400000US06059076201,126004,20065
1400000US06059076202,119115,29067
1400000US06059076204,74702,22447
1400000US06059076205,118854,15908
1400000US06059076206,110556,22029
1400000US06059076208,140928,12139
1400000US06059086301,90333,14322
1400000US06059086303,96917,7208
1400000US06059086304,98712,28892
1400000US06059086305,149191,77167
1400000US06059086306,92451,11326
1400000US06059086402,133594,20015
1400000US06059086404,89637,34481
1400000US06059086405,69531,17375
1400000US06059086406,78516,9374
1400000US06059086407,89073,11050
1400000US06059086501,79051,38547
1400000US06059086502,82829,14651
1400000US06059086601,59441,12395
1400000US06059086602,73844,17722
1400000US06059086701,99342,30301
1400000US06059086702,76404,14345
1400000US06059086801,131917,13694
1400000US06059086802,126429,27399
1400000US06059086803,92813,23931
1400000US06059086901,53931,13029
1400000US06059086902,72177,25060
1400000US06059086903,72143,13797
1400000US06059087001,67857,11314
1400000US06059087002,76524,21385
1400000US06059087101,84638,12904
1400000US06059087102,84071,16757
1400000US06059087103,98466,13747
1400000US06059087105,102978,30136
1400000US06059087106,53862,8444
1400000US06059087200,97196,28913
1400000US06059087301,81143,11247
1400000US06059087302,101065,17653
1400000US06059087401,139659,28684
1400000US06059087403,92750,34035
1400000US06059087404,75909,13160
1400000US06059087405,91161,19362
1400000US06059087503,76589,20973
1400000US06059087504,81952,12051
1400000US06059087505,65552,16855
1400000US06059087601,112659,17916
1400000US06059087602,97644,28861
1400000US06059087701,52287,21250
1400000US06059087703,99911,24685
1400000US06059087704,83288,15685
1400000US06059087801,95000,25818
1400000US06059087802,85571,17456
1400000US06059087803,74330,9136
1400000US06059087805,84600,18233
1400000US06059087806,71033,12673
1400000US06059087901,58571,26229
1400000US06059087902,92188,18372
1400000US06059088001,86417,25834
1400000US06059088002,96792,15511
1400000US06059088101,113056,22976
1400000US06059088104,85000,31681
1400000US06059088105,112421,11149
1400000US06059088106,88417,13283
1400000US06059088107,69364,7380
1400000US06059088201,93611,19149
1400000US06059088202,116850,16529
1400000US06059088203,77583,15247
1400000US06059088301,95762,20271
1400000US06059088302,112790,24236
1400000US06059088401,127969,10775
1400000US06059088402,87350,7089
1400000US06059088403,111624,6132
1400000US06059088501,96538,18447
1400000US06059088502,90428,21946
1400000US06059088601,86592,17400
1400000US06059088602,103950,24256
1400000US06059088701,73159,16708
1400000US06059088702,72417,18239
1400000US06059088801,86354,10993
1400000US06059088802,76087,12804
1400000US06059088901,75197,11998
1400000US06059088902,91357,8804
1400000US06059088903,98333,27527
1400000US06059088904,92893,24367
1400000US06059088905,96569,18327
1400000US06059089001,62000,26169
1400000US06059089003,89688,12060
1400000US06059089004,70089,13667
1400000US06059089102,93354,15738
1400000US06059089104,59402,15446
1400000US06059089105,88472,27118
1400000US06059089106,82250,17141
1400000US06059089107,111630,30620
1400000US06059099202,131750,32762
1400000US06059099203,87185,13364
1400000US06059099204,89947,22956
1400000US06059099212,90350,13547
1400000US06059099214,113342,19718
1400000US06059099215,126563,23630
1400000US06059099216,128362,17829
1400000US06059099217,169273,34346
1400000US06059099220,134634,45372
1400000US06059099222,99097,27029
1400000US06059099223,92273,32763
1400000US06059099224,126528,7781
1400000US06059099225,146579,33384
1400000US06059099226,107830,45719
1400000US06059099227,107740,30347
1400000US06059099229,74444,15257
1400000US06059099230,116929,33134
1400000US06059099231,133980,35118
1400000US06059099232,141250,20567
1400000US06059099233,138009,31422
1400000US06059099234,112098,38042
1400000US06059099235,125000,22883
1400000US06059099237,138750,45305
1400000US06059099238,138125,43560
1400000US06059099239,167440,31776
1400000US06059099240,107901,14021
1400000US06059099241,91504,7699
1400000US06059099242,128966,58479
1400000US06059099243,150385,21243
1400000US06059099244,113420,7131
1400000US06059099245,136250,22668
1400000US06059099246,160208,26677
1400000US06059099247,77031,5450
1400000US06059099248,64423,22861
1400000US06059099249,79474,26515
1400000US06059099250,133929,36717
1400000US06059099251,79918,16505
1400000US06059099305,105553,13531
1400000US06059099306,116362,19086
1400000US06059099307,150476,32247
1400000US06059099308,227700,50633
1400000US06059099309,138396,28464
1400000US06059099310,153403,26208
1400000US06059099311,114309,41705
1400000US06059099402,76611,14178
1400000US06059099404,146964,28690
1400000US06059099405,116875,10268
1400000US06059099406,117339,11843
1400000US06059099407,115000,17435
1400000US06059099408,123232,21908
1400000US06059099410,91250,39677
1400000US06059099411,81929,7951
1400000US06059099412,116111,21381
1400000US06059099415,164762,28312
1400000US06059099416,109613,14399
1400000US06059099417,142616,23397
1400000US06059099418,79428,20262
1400000US06059099419,132174,29796
1400000US06059099502,96364,8328
1400000US06059099504,172958,19067
1400000US06059099506,131429,59363
1400000US06059099508,93251,10689
1400000US06059099509,50520,7700
1400000US06059099510,38929,8976
1400000US06059099511,121682,13712
1400000US06059099512,113011,24430
1400000US06059099513,126125,25781
1400000US06059099514,155341,32977
1400000US06059099601,83633,14560
1400000US06059099602,140789,19018
1400000US06059099603,144239,29432
1400000US06059099604,121776,26524
1400000US06059099605,175870,31637
1400000US06059099701,63750,30573
1400000US06059099702,69545,23536
1400000US06059099703,86250,28270
1400000US06059099801,81786,20556
1400000US06059099802,48319,16925
1400000US06059099803,62147,8491
1400000US06059099902,122308,48406
1400000US06059099903,68470,13336
1400000US06059099904,62020,11234
1400000US06059099905,96406,13549
1400000US06059099906,128426,12049
1400000US06059110001,175677,51678
1400000US06059110003,104659,43030
1400000US06059110004,130735,14852
1400000US06059110005,172083,21005
1400000US06059110006,212361,79738
1400000US06059110007,238947,23828
1400000US06059110008,158973,27868
1400000US06059110010,143105,18416
1400000US06059110011,149417,16728
1400000US06059110012,163478,27440
1400000US06059110014,90559,11297
1400000US06059110015,129840,29725
1400000US06059110102,120714,20414
1400000US06059110104,105119,37581
1400000US06059110106,138704,19546
1400000US06059110108,102279,20904
1400000US06059110109,135481,25447
1400000US06059110110,90215,14290
1400000US06059110111,116556,29672
1400000US06059110113,109457,32384
1400000US06059110114,141215,16431
1400000US06059110115,116359,35114
1400000US06059110116,120134,28911
1400000US06059110117,136719,30779
1400000US06059110118,206154,23884
1400000US06059110201,98173,14552
1400000US06059110202,82446,14788
1400000US06059110203,127174,23332
1400000US06059110301,126518,20531
1400000US06059110302,130662,33445
1400000US06059110303,118984,13529
1400000US06059110304,109700,23762
1400000US06059110401,125664,21170
1400000US06059110402,126916,9845
1400000US06059110500,82761,18088
1400000US06059110603,100449,20753
1400000US06059110604,130417,39064
1400000US06059110605,103625,26419
1400000US06059110606,92396,13253
1400000US06059110607,91492,29326
1400000US06059980000,-666666666,-222222222
1400000US06059990100,-666666666,-222222222
1400000US06061020104,76774,33286
1400000US06061020105,132417,108702
1400000US06061020106,104861,31675
1400000US06061020107,68071,36263
1400000US06061020200,103424,15348
1400000US06061020300,58804,9078
1400000US06061020401,71813,18447
1400000US06061020402,107794,23043
1400000US06061020501,133906,46044
1400000US06061020502,131292,16354
1400000US06061020601,158125,44197
1400000US06061020604,139583,29265
1400000US06061020605,208147,27401
1400000US06061020606,226509,40287
1400000US06061020607,163125,52108
1400000US06061020608,181417,36078
1400000US06061020710,124609,22295
1400000US06061020711,73804,35498
1400000US06061020712,92388,12440
1400000US06061020713,86168,4036
1400000US06061020714,102750,20514
1400000US06061020715,83958,16202
1400000US06061020717,149196,31458
1400000US06061020805,113145,12445
1400000US06061020806,73457,11082
1400000US06061020901,54391,10337
1400000US06061020908,98203,13359
1400000US06061021003,97031,21977
1400000US06061021034,156075,10222
1400000US06061021037,92143,28485
1400000US06061021038,120741,33907
1400000US06061021039,82222,17155
1400000US06061021040,70186,15464
1400000US06061021043,134255,22240
1400000US06061021044,150688,41567
1400000US06061021045,112019,37490
1400000US06061021046,76587,27683
1400000US06061021047,141111,20500
1400000US06061021048,145982,31658
1400000US06061021103,102188,19419
1400000US06061021106,119517,24821
1400000US06061021108,82774,9347
1400000US06061021109,138750,41488
1400000US06061021122,144940,30399
1400000US06061021123,147431,31717
1400000US06061021128,97417,15556
1400000US06061021129,70163,10143
1400000US06061021130,96677,12456
1400000US06061021131,105055,9589
1400000US06061021203,84448,33304
1400000US06061021204,126167,35196
1400000US06061021304,107431,8992
1400000US06061021323,181250,28367
1400000US06061021324,173370,28830
1400000US06061021325,140333,22007
1400000US06061021326,183996,27836
1400000US06061021327,139775,15833
1400000US06061021328,179390,16540
1400000US06061021401,120245,15541
1400000US06061021403,59414,8809
1400000US06061021501,81823,30044
1400000US06061021502,91518,25502
1400000US06061021603,72803,6574
1400000US06061021604,99817,32862
1400000US06061021801,142907,9966
1400000US06061021802,90807,10690
1400000US06061021901,113150,28733
1400000US06061021902,101803,3766
1400000US06061022002,84417,13660
1400000US06061022011,191250,51300
1400000US06061022013,86724,12889
1400000US06061022014,141250,54453
1400000US06061022100,134514,71956
1400000US06061022200,99205,37755
1400000US06061022300,124306,10623
1400000US06061022400,149099,11060
1400000US06061022500,186219,34999
1400000US06061022600,93750,14289
1400000US06061022800,138355,22836
1400000US06061022900,121618,37692
1400000US06061023000,168571,41463
1400000US06061023100,130401,27141
1400000US06061023200,149079,25503
1400000US06061023300,164524,38142
1400000US06061023400,117371,19978
1400000US06061023501,178500,67841
1400000US06061023502,165625,23596
1400000US06061023600,83354,5137
1400000US06061023700,81578,6176
1400000US06061023800,88520,14897
1400000US06061023900,133163,15786
1400000US06061990000,-666666666,-222222222
1400000US06063000100,83774,23567
1400000US06063000201,83929,40111
1400000US06063000202,63382,5331
1400000US06063000300,54420,9401
1400000US06063000400,75714,29911
1400000US06063000501,47129,7306
1400000US06063000502,95045,31324
1400000US06065030101,78000,40885
1400000US06065030103,95670,23429
1400000US06065030104,102000,22981
1400000US06065030200,89971,33563
1400000US06065030300,62490,10826
1400000US06065030400,68996,11702
1400000US06065030501,81714,34315
1400000US06065030502,66719,35045
1400000US06065030503,65755,7428
1400000US06065030602,139128,10684
1400000US06065030603,164286,24358
1400000US06065030604,197500,30529
1400000US06065030605,188561,42737
1400000US06065030700,93782,12821
1400000US06065030800,114181,9078
1400000US06065030900,102564,14020
1400000US06065031001,86917,17701
1400000US06065031002,75057,16710
1400000US06065031100,94761,16660
1400000US06065031200,98846,7869
1400000US06065031300,91573,12754
1400000US06065031401,84837,5740
1400000US06065031402,90118,18873
1400000US06065031501,79917,14237
1400000US06065031503,115526,33436
1400000US06065031504,55625,26144
1400000US06065031601,67118,9539
1400000US06065031602,68878,11151
1400000US06065031701,83952,36378
1400000US06065031702,112679,36272
1400000US06065031703,82113,14323
1400000US06065031704,90800,19697
1400000US06065040101,104915,31121
1400000US06065040102,101940,19348
1400000US06065040201,104842,12974
1400000US06065040202,83750,14003
1400000US06065040203,51100,14154
1400000US06065040204,55329,15755
1400000US06065040302,110250,15585
1400000US06065040303,96071,27555
1400000US06065040304,38444,15093
1400000US06065040305,66679,15280
1400000US06065040402,98833,31716
1400000US06065040403,98060,5794
1400000US06065040404,105568,30139
1400000US06065040405,123125,32266
1400000US06065040501,105259,25080
1400000US06065040502,74896,24370
1400000US06065040503,58846,16177
1400000US06065040603,88321,10199
1400000US06065040604,123621,20019
1400000US06065040605,73750,31951
1400000US06065040606,74115,20430
1400000US06065040609,168590,16452
1400000US06065040611,150459,18357
1400000US06065040616,156346,13386
1400000US06065040617,183199,35721
1400000US06065040618,147005,34432
1400000US06065040619,142409,19769
1400000US06065040620,177112,27775
1400000US06065040621,182723,42646
1400000US06065040622,156923,15650
1400000US06065040701,152946,51707
1400000US06065040702,91250,16238
1400000US06065040703,135691,13986
1400000US06065040806,150375,41937
1400000US06065040807,148458,19425
1400000US06065040808,108235,33925
1400000US06065040809,101750,41059
1400000US06065040812,83528,10593
1400000US06065040813,153804,18572
1400000US06065040814,100588,13040
1400000US06065040815,104315,22910
1400000US06065040816,99663,22108
1400000US06065040821,89282,10693
1400000US06065040901,88714,20317
1400000US06065040902,98144,15147
1400000US06065040903,69901,13032
1400000US06065040904,120396,39618
1400000US06065041001,70991,11432
1400000US06065041002,90972,9981
1400000US06065041003,118929,31545
1400000US06065041004,82597,8422
1400000US06065041101,64469,12062
1400000US06065041102,105764,36161
1400000US06065041201,64297,34599
1400000US06065041202,80662,16112
1400000US06065041203,85581,31508
1400000US06065041301,97645,14847
1400000US06065041302,73060,14293
1400000US06065041403,102297,8908
1400000US06065041404,108750,21172
1400000US06065041405,90179,13382
1400000US06065041406,84233,6475
1400000US06065041407,61764,17626
1400000US06065041408,83021,13391
1400000US06065041410,77773,6319
1400000US06065041411,81688,22618
1400000US06065041412,87955,21089
1400000US06065041413,166742,28298
1400000US06065041414,155809,53275
1400000US06065041415,144767,25940
1400000US06065041500,78457,9541
1400000US06065041601,50909,9892
1400000US06065041602,55513,17281
1400000US06065041702,100061,28615
1400000US06065041703,60733,7500
1400000US06065041704,57438,17536
1400000US06065041803,152326,21178
1400000US06065041804,146204,21571
1400000US06065041805,101000,26782
1400000US06065041806,156000,21158
1400000US06065041807,103043,22532
1400000US06065041808,111883,28446
1400000US06065041809,80605,22073
1400000US06065041810,157308,24570
1400000US06065041812,116250,29251
1400000US06065041813,89508,18432
1400000US06065041904,122639,25992
1400000US06065041905,59773,12602
1400000US06065041906,93393,20816
1400000US06065041909,110714,26639
1400000US06065041910,94506,21326
1400000US06065041912,134538,23090
1400000US06065041913,118036,11654
1400000US06065041914,180039,27446
1400000US06065041915,119915,12904
1400000US06065042003,156607,68670
1400000US06065042004,156019,39353
1400000US06065042005,182123,34154
1400000US06065042007,144219,28278
1400000US06065042008,130403,13595
1400000US06065042009,101850,21557
1400000US06065042010,95341,15166
1400000US06065042012,122064,19575
1400000US06065042015,161467,25346
1400000US06065042016,142448,52339
1400000US06065042017,137642,27809
1400000US06065042018,155446,25178
1400000US06065042206,83576,23021
1400000US06065042207,102188,67184
1400000US06065042208,134097,19289
1400000US06065042209,42118,13174
1400000US06065042210,64767,13436
1400000US06065042212,80218,28855
1400000US06065042213,77895,16605
1400000US06065042214,133370,20280
1400000US06065042217,103333,36189
1400000US06065042300,106146,15267
1400000US06065042401,107500,29369
1400000US06065042402,104433,17463
1400000US06065042403,141544,29178
1400000US06065042404,86141,19998
1400000US06065042405,66143,7659
1400000US06065042406,81929,20304
1400000US06065042407,79389,19950
1400000US06065042408,92656,13143
1400000US06065042409,81274,7613
1400000US06065042410,96250,25484
1400000US06065042411,106100,17720
1400000US06065042412,132127,27784
1400000US06065042505,68325,8586
1400000US06065042507,123625,19932
1400000US06065042508,74976,22109
1400000US06065042509,74974,26221
1400000US06065042510,77406,10924
1400000US06065042511,71131,49233
1400000US06065042512,62550,27868
1400000US06065042513,83142,17400
1400000US06065042514,71941,9338
1400000US06065042515,55635,16178
1400000US06065042516,77604,19213
1400000US06065042517,81446,6377
1400000US06065042518,85396,14275
1400000US06065042519,49970,6715
1400000US06065042520,71408,11208
1400000US06065042521,90455,17765
1400000US06065042522,111731,15254
1400000US06065042523,94961,17915
1400000US06065042621,110327,17220
1400000US06065042622,121157,11532
1400000US06065042623,122969,34456
1400000US06065042624,105352,39786
1400000US06065042625,101530,11759
1400000US06065042626,113246,14886
1400000US06065042627,91618,15015
1400000US06065042628,68194,12186
1400000US06065042629,99775,26845
1400000US06065042630,115515,28146
1400000US06065042631,88564,15274
1400000US06065042632,78192,20713
1400000US06065042708,114968,13764
1400000US06065042709,64583,13723
1400000US06065042711,32548,10009
1400000US06065042714,97941,14251
1400000US06065042716,129750,14185
1400000US06065042717,78502,11378
1400000US06065042719,83351,27924
1400000US06065042720,57451,26665
1400000US06065042723,72433,11078
1400000US06065042724,121237,15579
1400000US06065042726,128259,16432
1400000US06065042728,110833,59046
1400000US06065042730,94102,12802
1400000US06065042731,100479,27533
1400000US06065042732,128049,21313
1400000US06065042733,159786,7997
1400000US06065042737,105100,16786
1400000US06065042738,103996,33126
1400000US06065042739,124391,9013
1400000US06065042740,43065,7631
1400000US06065042741,53347,15177
1400000US06065042742,99538,13892
1400000US06065042743,153505,22289
1400000US06065042744,105625,45651
1400000US06065042745,96545,29836
1400000US06065042746,95239,18952
1400000US06065042747,85442,10038
1400000US06065042748,127708,44421
1400000US06065042749,111360,41502
1400000US06065042750,96875,18345
1400000US06065042751,71074,12708
1400000US06065042752,78098,6690
1400000US06065042801,59453,21079
1400000US06065042802,83077,39466
1400000US06065042902,55078,20661
1400000US06065042903,63268,10101
1400000US06065042905,75590,22380
1400000US06065042906,82561,14096
1400000US06065042907,76346,16067
1400000US06065042908,78802,27565
1400000US06065043001,95814,22185
1400000US06065043003,60407,12813
1400000US06065043005,92817,16654
1400000US06065043006,51250,13576
1400000US06065043007,132147,21623
1400000US06065043008,99005,9932
1400000US06065043009,132652,15390
1400000US06065043010,97781,15159
1400000US06065043201,157963,33615
1400000US06065043202,174861,48133
1400000US06065043203,140694,62235
1400000US06065043204,185568,29558
1400000US06065043205,132833,23748
1400000US06065043206,86148,12759
1400000US06065043207,99950,21103
1400000US06065043208,167838,40499
1400000US06065043209,103150,24280
1400000US06065043210,83583,18854
1400000US06065043211,110902,15778
1400000US06065043216,94750,15414
1400000US06065043217,133849,27729
1400000US06065043218,142236,16765
1400000US06065043220,74944,7215
1400000US06065043222,108171,24227
1400000US06065043227,121814,13328
1400000US06065043228,107500,34445
1400000US06065043229,76278,13533
1400000US06065043235,147560,8266
1400000US06065043246,194934,21775
1400000US06065043248,124404,12259
1400000US06065043252,172614,33775
1400000US06065043254,118319,21595
1400000US06065043256,120202,16792
1400000US06065043262,111037,27551
1400000US06065043264,156491,8607
1400000US06065043265,142591,18102
1400000US06065043266,84847,18228
1400000US06065043267,117689,25054
1400000US06065043270,114390,24885
1400000US06065043271,119811,25314
1400000US06065043272,129310,21573
1400000US06065043274,96771,18793
1400000US06065043276,132244,28100
1400000US06065043278,119562,29288
1400000US06065043279,100293,9999
1400000US06065043292,157911,21070
1400000US06065043293,130951,25625
1400000US06065043294,133307,24885
1400000US06065043295,138578,14169
1400000US06065043296,161071,42278
1400000US06065043297,163636,20274
1400000US06065043298,92940,7133
1400000US06065043304,109080,11034
1400000US06065043306,62824,21187
1400000US06065043307,39836,18107
1400000US06065043308,50669,15053
1400000US06065043309,58365,10951
1400000US06065043310,57788,37890
1400000US06065043311,78466,14094
1400000US06065043312,76526,11494
1400000US06065043313,63571,10810
1400000US06065043314,78867,16796
1400000US06065043315,105536,30835
1400000US06065043316,51653,5083
1400000US06065043318,80696,37845
1400000US06065043319,112700,36719
1400000US06065043401,51695,10587
1400000US06065043403,48726,5930
1400000US06065043404,37262,12929
1400000US06065043405,35803,2831
1400000US06065043503,39516,5026
1400000US06065043505,45616,10288
1400000US06065043506,74382,13636
1400000US06065043509,67774,13045
1400000US06065043512,78295,15981
1400000US06065043513,67419,10834
1400000US06065043517,106276,16082
1400000US06065043518,87993,9340
1400000US06065043519,50449,9924
1400000US06065043520,63772,13667
1400000US06065043521,50589,10343
1400000US06065043522,76806,12623
1400000US06065043523,44195,8566
1400000US06065043524,103029,6914
1400000US06065043601,47819,10402
1400000US06065043602,54097,10756
1400000US06065043701,47781,16196
1400000US06065043702,78214,23446
1400000US06065043703,54500,34333
1400000US06065043802,99730,29788
1400000US06065043807,89044,14436
1400000US06065043809,110404,20348
1400000US06065043810,89583,10830
1400000US06065043812,62760,10334
1400000US06065043813,59181,23753
1400000US06065043818,144698,22623
1400000US06065043820,120194,16857
1400000US06065043821,103234,25926
1400000US06065043822,136319,55356
1400000US06065043823,145359,14775
1400000US06065043824,68638,7511
1400000US06065043900,63187,13078
1400000US06065044000,58977,19245
1400000US06065044101,70242,16418
1400000US06065044102,66711,13511
1400000US06065044103,64562,8505
1400000US06065044104,80144,14612
1400000US06065044200,53947,21715
1400000US06065044300,60682,9422
1400000US06065044403,77768,40215
1400000US06065044404,65667,9709
1400000US06065044405,95109,38512
1400000US06065044406,87708,56449
1400000US06065044407,92634,18385
1400000US06065044505,77588,36520
1400000US06065044507,63029,12104
1400000US06065044509,35543,4262
1400000US06065044510,43178,5314
1400000US06065044515,49912,14716
1400000US06065044516,65738,25013
1400000US06065044517,73173,26574
1400000US06065044518,65893,32701
1400000US06065044520,84750,14532
1400000US06065044521,66397,21187
1400000US06065044523,45433,18831
1400000US06065044524,69000,33991
1400000US06065044602,57500,22797
1400000US06065044604,87083,17640
1400000US06065044605,64291,13976
1400000US06065044606,86602,18377
1400000US06065044701,60084,16052
1400000US06065044702,55933,18565
1400000US06065044804,88750,26940
1400000US06065044805,84886,30060
1400000US06065044806,49848,16765
1400000US06065044807,88929,28884
1400000US06065044904,75368,21490
1400000US06065044907,60581,9787
1400000US06065044911,51890,10881
1400000US06065044916,60657,11115
1400000US06065044917,132500,22949
1400000US06065044918,112054,15289
1400000US06065044919,75361,15752
1400000US06065044921,130898,48122
1400000US06065044922,138668,9422
1400000US06065044923,114375,30283
1400000US06065044924,88688,25418
1400000US06065044925,95972,25104
1400000US06065044926,91850,19033
1400000US06065044927,93125,12489
1400000US06065044928,125729,28306
1400000US06065044929,65679,13153
1400000US06065044930,78333,20896
1400000US06065044931,94464,23682
1400000US06065044932,88942,34089
1400000US06065044933,66397,12427
1400000US06065044934,35000,15315
1400000US06065045000,79844,33645
1400000US06065045103,70357,14001
1400000US06065045109,113787,23161
1400000US06065045110,90867,22490
1400000US06065045114,118750,30605
1400000US06065045115,131250,29941
1400000US06065045116,78355,22254
1400000US06065045117,74052,28234
1400000US06065045118,52292,33658
1400000US06065045119,95671,26440
1400000US06065045120,64020,12553
1400000US06065045122,119886,35773
1400000US06065045123,123542,40024
1400000US06065045124,59167,12384
1400000US06065045125,161667,50290
1400000US06065045126,46538,9913
1400000US06065045127,-666666666,-222222222
1400000US06065045128,161833,45001
1400000US06065045129,66782,30132
1400000US06065045207,55386,11481
1400000US06065045209,52889,15931
1400000US06065045212,112981,44113
1400000US06065045213,90335,13832
1400000US06065045214,102365,20567
1400000US06065045216,121667,48946
1400000US06065045217,66809,8903
1400000US06065045222,97402,18119
1400000US06065045224,98125,17046
1400000US06065045226,105985,13660
1400000US06065045228,90655,10333
1400000US06065045233,87230,19050
1400000US06065045234,115034,30317
1400000US06065045235,110208,13771
1400000US06065045302,100391,11126
1400000US06065045303,52550,12199
1400000US06065045305,122157,38471
1400000US06065045306,141935,16907
1400000US06065045501,57184,8273
1400000US06065045502,53162,9538
1400000US06065045606,99962,20452
1400000US06065045610,40208,25710
1400000US06065045611,45899,8972
1400000US06065045612,44991,12734
1400000US06065045613,120469,28689
1400000US06065045614,191420,75776
1400000US06065045615,43795,31766
1400000US06065045616,57216,20268
1400000US06065045617,111667,15760
1400000US06065045618,34777,3536
1400000US06065045619,37548,5550
1400000US06065045703,65438,16582
1400000US06065045704,34792,10198
1400000US06065045706,59620,11375
1400000US06065045707,69480,6288
1400000US06065045708,74155,15042
1400000US06065045709,47077,14155
1400000US06065045900,69079,28367
1400000US06065046101,74645,26571
1400000US06065046102,38750,15329
1400000US06065046103,79816,17253
1400000US06065046200,35893,9230
1400000US06065046401,85988,24694
1400000US06065046402,73694,22963
1400000US06065046403,100924,22186
1400000US06065046404,91397,16559
1400000US06065046405,89175,20469
1400000US06065046501,-666666666,-222222222
1400000US06065046502,52122,12629
1400000US06065046601,121818,41113
1400000US06065046602,129159,24644
1400000US06065046700,55476,11022
1400000US06065046800,107346,12470
1400000US06065046900,52311,25339
1400000US06065047000,92404,30343
1400000US06065047201,36372,4279
1400000US06065047202,49479,10672
1400000US06065047901,133713,12231
1400000US06065047902,193811,24106
1400000US06065048100,186250,52524
1400000US06065048200,124297,20026
1400000US06065048300,120369,10990
1400000US06065048700,127988,15002
1400000US06065048800,107917,39232
1400000US06065048901,77454,11232
1400000US06065048902,85684,18682
1400000US06065049001,136103,21357
1400000US06065049002,138958,29857
1400000US06065049101,63819,9008
1400000US06065049102,72500,15178
1400000US06065049400,67500,30533
1400000US06065049501,68977,32277
1400000US06065049502,53179,21626
1400000US06065049600,127684,26768
1400000US06065049701,146534,45303
1400000US06065049702,170824,25045
1400000US06065049800,67634,15645
1400000US06065050301,134300,19577
1400000US06065050302,112688,22287
1400000US06065050401,103824,8438
1400000US06065050402,115343,10822
1400000US06065050501,99904,37398
1400000US06065050502,152619,35609
1400000US06065050503,109850,18815
1400000US06065050600,138289,34811
1400000US06065050701,165067,29221
1400000US06065050702,164083,78492
1400000US06065050901,96410,15637
1400000US06065050902,106841,11395
1400000US06065051100,102909,18492
1400000US06065051200,87120,14055
1400000US06065051301,92593,37028
1400000US06065051302,84205,39132
1400000US06065051401,99840,12840
1400000US06065051402,65195,16754
1400000US06065940100,-666666666,-222222222
1400000US06065940400,72844,13281
1400000US06065940500,130703,15448
1400000US06065940600,83884,11969
1400000US06065940700,90733,9172
1400000US06065940800,79022,10778
1400000US06065940900,70714,9140
1400000US06065941001,40921,7455
1400000US06065941002,88750,14754
1400000US06065941100,57155,6419
1400000US06065941200,97250,12444
1400000US06065941300,83382,6314
1400000US06065941400,58333,5406
1400000US06065941500,73882,22258
1400000US06065980004,-666666666,-222222222
1400000US06065981000,-666666666,-222222222
1400000US06067000100,120694,30280
1400000US06067000200,157109,39229
1400000US06067000300,143774,20944
1400000US06067000400,105531,20701
1400000US06067000501,83523,17333
1400000US06067000502,88125,18110
1400000US06067000600,67353,41163
1400000US06067000700,16707,4776
1400000US06067000800,58929,18053
1400000US06067001102,76125,7949
1400000US06067001103,41051,34309
1400000US06067001201,76380,18078
1400000US06067001202,81929,20125
1400000US06067001300,60057,11962
1400000US06067001400,64724,16781
1400000US06067001500,137787,25343
1400000US06067001601,121250,54048
1400000US06067001602,146328,35614
1400000US06067001701,75577,30686
1400000US06067001702,84375,30579
1400000US06067001800,69181,16909
1400000US06067001900,90217,6960
1400000US06067002000,78523,24009
1400000US06067002100,54761,19483
1400000US06067002200,111667,39641
1400000US06067002300,146875,34090
1400000US06067002400,153945,33154
1400000US06067002500,163542,33754
1400000US06067002600,102440,19990
1400000US06067002700,63464,25076
1400000US06067002800,64917,11483
1400000US06067002900,94359,26247
1400000US06067003001,58689,43417
1400000US06067003002,84917,12370
1400000US06067003101,88396,13029
1400000US06067003102,90625,12602
1400000US06067003202,55357,15318
1400000US06067003203,69196,21270
1400000US06067003204,85395,14585
1400000US06067003300,125694,21774
1400000US06067003400,97311,30542
1400000US06067003501,93772,36497
1400000US06067003502,98603,8467
1400000US06067003600,86094,11802
1400000US06067003700,72451,14670
1400000US06067003800,74545,16717
1400000US06067003900,108644,18245
1400000US06067004005,89271,23299
1400000US06067004006,74410,18037
1400000US06067004008,102586,13639
1400000US06067004011,148856,13191
1400000US06067004012,159353,36908
1400000US06067004013,99185,39278
1400000US06067004014,81667,15368
1400000US06067004015,96507,15030
1400000US06067004016,162311,18605
1400000US06067004017,97006,14544
1400000US06067004018,66276,44294
1400000US06067004019,118571,29396
1400000US06067004020,61103,13341
1400000US06067004100,67018,13346
1400000US06067004201,89605,14401
1400000US06067004202,68574,11234
1400000US06067004203,74554,29172
1400000US06067004301,74000,32935
1400000US06067004302,98094,11230
1400000US06067004401,65147,12314
1400000US06067004402,54215,14243
1400000US06067004501,55648,5594
1400000US06067004502,54327,11686
1400000US06067004602,48986,12517
1400000US06067004603,47308,14061
1400000US06067004604,49596,16162
1400000US06067004701,49408,17473
1400000US06067004702,54785,12542
1400000US06067004801,58646,10707
1400000US06067004802,62846,16843
1400000US06067004904,68868,11565
1400000US06067004906,79261,18394
1400000US06067004907,24386,11959
1400000US06067004908,88551,16611
1400000US06067004909,56591,18310
1400000US06067004910,67404,13754
1400000US06067005002,44147,5178
1400000US06067005003,85208,19912
1400000US06067005004,103550,11833
1400000US06067005101,75217,24962
1400000US06067005102,55256,16284
1400000US06067005201,53095,10782
1400000US06067005202,97625,16931
1400000US06067005204,88453,5357
1400000US06067005205,56645,6915
1400000US06067005301,94861,87682
1400000US06067005402,66202,15323
1400000US06067005403,76712,31245
1400000US06067005404,130185,20998
1400000US06067005502,60667,21475
1400000US06067005505,63125,18314
1400000US06067005506,56599,11361
1400000US06067005508,59602,7956
1400000US06067005509,68333,24591
1400000US06067005510,55139,10732
1400000US06067005601,73641,17910
1400000US06067005605,92195,15377
1400000US06067005606,87679,16253
1400000US06067005701,108654,23765
1400000US06067005702,196875,18291
1400000US06067005801,96583,21668
1400000US06067005803,151354,30139
1400000US06067005804,164792,53084
1400000US06067005901,95163,12647
1400000US06067005903,56204,12666
1400000US06067005904,137557,41023
1400000US06067006002,65197,9223
1400000US06067006003,71445,10373
1400000US06067006004,115852,27291
1400000US06067006101,61592,19316
1400000US06067006102,57182,12899
1400000US06067006202,45743,3746
1400000US06067006203,35179,11232
1400000US06067006204,51719,12527
1400000US06067006300,55000,16296
1400000US06067006400,68155,11069
1400000US06067006501,46219,26623
1400000US06067006502,99009,24781
1400000US06067006600,56111,24034
1400000US06067006703,74870,12844
1400000US06067006704,65129,15998
1400000US06067006705,58882,18580
1400000US06067006706,69469,20440
1400000US06067006801,50217,11507
1400000US06067006802,29240,4898
1400000US06067006803,72298,27007
1400000US06067006901,94207,30163
1400000US06067006902,63611,10131
1400000US06067007001,62470,16704
1400000US06067007007,90046,15780
1400000US06067007010,74857,23150
1400000US06067007011,102277,15630
1400000US06067007012,104931,32969
1400000US06067007013,108941,14331
1400000US06067007016,107639,17635
1400000US06067007017,120081,17323
1400000US06067007019,107460,24640
1400000US06067007020,139408,30991
1400000US06067007021,95830,14980
1400000US06067007022,61413,14798
1400000US06067007023,77717,15801
1400000US06067007024,84517,18523
1400000US06067007025,88908,14846
1400000US06067007026,128365,12374
1400000US06067007027,86289,18654
1400000US06067007028,107500,17947
1400000US06067007101,192938,80785
1400000US06067007103,88883,19422
1400000US06067007105,102089,10765
1400000US06067007106,121121,17405
1400000US06067007107,112699,23932
1400000US06067007108,136339,24984
1400000US06067007109,79491,11941
1400000US06067007110,121719,18568
1400000US06067007111,148247,16086
1400000US06067007202,75234,27710
1400000US06067007204,83469,19413
1400000US06067007206,99265,13465
1400000US06067007207,106875,22881
1400000US06067007208,110353,22806
1400000US06067007209,88869,17452
1400000US06067007301,54122,10523
1400000US06067007402,83908,12087
1400000US06067007403,90076,18312
1400000US06067007413,63174,5800
1400000US06067007414,75341,25863
1400000US06067007415,81000,10217
1400000US06067007416,71618,16428
1400000US06067007417,109410,33881
1400000US06067007422,77826,10809
1400000US06067007423,40703,16732
1400000US06067007424,62024,20596
1400000US06067007426,92823,23247
1400000US06067007427,70991,17273
1400000US06067007428,88403,14250
1400000US06067007429,61226,8098
1400000US06067007430,97479,14203
1400000US06067007431,110987,9387
1400000US06067007432,107500,23582
1400000US06067007434,67841,20197
1400000US06067007435,46150,21884
1400000US06067007436,86094,51237
1400000US06067007437,168988,28837
1400000US06067007438,64250,55374
1400000US06067007439,104191,17892
1400000US06067007501,55778,18793
1400000US06067007503,59792,14628
1400000US06067007504,86364,17971
1400000US06067007602,69792,16443
1400000US06067007603,70461,36173
1400000US06067007604,79131,11278
1400000US06067007701,58086,16346
1400000US06067007702,122254,64762
1400000US06067007801,105797,22648
1400000US06067007802,77352,12440
1400000US06067007903,101506,13295
1400000US06067007904,108938,11560
1400000US06067007905,119846,12703
1400000US06067007906,85000,12351
1400000US06067008005,139983,18870
1400000US06067008006,102772,22518
1400000US06067008007,81151,13905
1400000US06067008008,108021,12463
1400000US06067008009,126441,39256
1400000US06067008010,132884,26357
1400000US06067008111,91630,29956
1400000US06067008113,71875,10966
1400000US06067008117,86953,11230
1400000US06067008119,86626,10615
1400000US06067008120,90556,24603
1400000US06067008122,113070,10594
1400000US06067008124,107014,23603
1400000US06067008125,87610,10908
1400000US06067008127,93250,13372
1400000US06067008128,76375,5216
1400000US06067008129,81250,16632
1400000US06067008130,99844,16233
1400000US06067008131,73304,28517
1400000US06067008132,77482,34040
1400000US06067008133,62723,11488
1400000US06067008134,92225,8911
1400000US06067008135,55393,14881
1400000US06067008136,66250,9929
1400000US06067008137,87188,31304
1400000US06067008138,92541,21188
1400000US06067008139,66653,11249
1400000US06067008140,80670,21981
1400000US06067008141,76667,15755
1400000US06067008142,80865,13750
1400000US06067008143,77161,4153
1400000US06067008144,110795,26961
1400000US06067008145,108933,25981
1400000US06067008203,92143,13799
1400000US06067008204,114107,12457
1400000US06067008206,99121,19381
1400000US06067008207,105105,9271
1400000US06067008208,77431,13176
1400000US06067008209,114482,10548
1400000US06067008210,111250,34416
1400000US06067008211,109911,57582
1400000US06067008402,113686,39634
1400000US06067008403,102667,33366
1400000US06067008404,85699,22251
1400000US06067008501,163125,31785
1400000US06067008504,115605,29037
1400000US06067008505,145391,27110
1400000US06067008506,81518,20190
1400000US06067008507,127798,26484
1400000US06067008508,184096,22511
1400000US06067008509,204091,33918
1400000US06067008510,207922,16072
1400000US06067008512,198792,15387
1400000US06067008513,181165,49539
1400000US06067008601,143125,22381
1400000US06067008602,93038,20612
1400000US06067008702,200789,31047
1400000US06067008703,125823,26377
1400000US06067008704,156595,12003
1400000US06067008706,181802,32035
1400000US06067008707,146682,22582
1400000US06067008708,166985,19328
1400000US06067008802,172321,23740
1400000US06067008803,73250,52589
1400000US06067008905,74857,10977
1400000US06067008907,72898,14624
1400000US06067008908,61774,17910
1400000US06067008909,96622,12496
1400000US06067008910,80060,9544
1400000US06067008911,52031,14763
1400000US06067008912,104119,6203
1400000US06067008913,77894,16687
1400000US06067009004,95750,8718
1400000US06067009005,86173,7389
1400000US06067009006,58000,11707
1400000US06067009007,53750,16285
1400000US06067009008,76840,7322
1400000US06067009010,85556,20755
1400000US06067009011,140898,19889
1400000US06067009103,103792,26920
1400000US06067009105,96667,10482
1400000US06067009106,97357,22268
1400000US06067009107,108750,28337
1400000US06067009108,104750,9471
1400000US06067009109,116596,7712
1400000US06067009110,47000,8236
1400000US06067009111,67813,13458
1400000US06067009112,93761,3624
1400000US06067009201,96382,14643
1400000US06067009307,120266,9751
1400000US06067009308,97639,21375
1400000US06067009309,108487,20266
1400000US06067009310,91589,22700
1400000US06067009311,94678,4096
1400000US06067009312,93824,20315
1400000US06067009314,90677,18790
1400000US06067009316,97750,15888
1400000US06067009317,103603,42433
1400000US06067009318,81198,17427
1400000US06067009319,97647,12905
1400000US06067009320,91110,10919
1400000US06067009321,86742,12845
1400000US06067009323,141827,19572
1400000US06067009326,159688,23514
1400000US06067009328,145833,25212
1400000US06067009329,88170,18575
1400000US06067009330,170598,28494
1400000US06067009331,151654,35850
1400000US06067009332,175192,34738
1400000US06067009333,120573,27238
1400000US06067009334,150000,15032
1400000US06067009335,124911,21173
1400000US06067009336,171750,38599
1400000US06067009403,128284,13102
1400000US06067009404,180845,41239
1400000US06067009406,107679,34997
1400000US06067009408,102625,42583
1400000US06067009409,112742,20911
1400000US06067009410,85665,21739
1400000US06067009501,84821,29187
1400000US06067009502,117294,13400
1400000US06067009503,62401,27379
1400000US06067009504,90398,23602
1400000US06067009601,78779,11468
1400000US06067009608,75322,17134
1400000US06067009609,85417,23862
1400000US06067009610,96944,9851
1400000US06067009611,103651,27332
1400000US06067009612,111579,18952
1400000US06067009614,114526,9016
1400000US06067009616,99754,23106
1400000US06067009617,144688,46110
1400000US06067009618,109720,12509
1400000US06067009622,122426,19826
1400000US06067009632,121719,35443
1400000US06067009633,85334,11277
1400000US06067009634,62903,7863
1400000US06067009635,144968,21313
1400000US06067009637,157667,21198
1400000US06067009639,82111,22730
1400000US06067009640,39163,24421
1400000US06067009641,80136,14809
1400000US06067009642,99044,24647
1400000US06067009643,128582,9140
1400000US06067009644,142778,14753
1400000US06067009645,143896,23805
1400000US06067009646,109408,60253
1400000US06067009647,100938,13150
1400000US06067009648,137614,49916
1400000US06067009649,161038,12405
1400000US06067009650,210417,27332
1400000US06067009651,102313,12953
1400000US06067009652,152854,28971
1400000US06067009653,122756,15929
1400000US06067009800,72031,9857
1400000US06067009900,76034,13122
1400000US06067988300,232700,112107
1400000US06069000100,109283,11754
1400000US06069000200,110427,22222
1400000US06069000300,125093,30019
1400000US06069000400,84360,11742
1400000US06069000501,132383,21580
1400000US06069000502,126051,19448
1400000US06069000601,138229,29191
1400000US06069000602,133750,25694
1400000US06069000701,120865,21447
1400000US06069000702,109516,9491
1400000US06069000801,129631,16380
1400000US06069000802,143875,29194
1400000US06071000103,121875,18667
1400000US06071000104,130938,23115
1400000US06071000105,127292,24152
1400000US06071000107,112500,20803
1400000US06071000108,112894,23791
1400000US06071000109,120529,26166
1400000US06071000111,111479,14815
1400000US06071000115,104464,36585
1400000US06071000117,160773,26476
1400000US06071000118,140350,22344
1400000US06071000119,81620,18336
1400000US06071000120,116679,26448
1400000US06071000121,141431,14864
1400000US06071000122,195567,20334
1400000US06071000201,78021,33398
1400000US06071000203,109673,20745
1400000US06071000205,72083,29211
1400000US06071000207,84922,25007
1400000US06071000208,94663,40617
1400000US06071000304,92625,17403
1400000US06071000305,57988,6381
1400000US06071000306,76979,15359
1400000US06071000307,66753,14530
1400000US06071000308,77500,26815
1400000US06071000401,128548,17189
1400000US06071000403,94573,34438
1400000US06071000404,88764,16079
1400000US06071000501,111006,43802
1400000US06071000503,94316,19371
1400000US06071000504,109444,19622
1400000US06071000603,78393,12973
1400000US06071000604,83849,33441
1400000US06071000605,70385,15696
1400000US06071000606,64306,36274
1400000US06071000804,138750,27711
1400000US06071000808,103140,19350
1400000US06071000812,146816,35333
1400000US06071000813,126319,26193
1400000US06071000814,186333,26118
1400000US06071000815,146179,10648
1400000US06071000816,156875,50319
1400000US06071000817,103125,39425
1400000US06071000818,134722,19833
1400000US06071000819,165761,19599
1400000US06071000820,174107,15164
1400000US06071000821,93636,14573
1400000US06071000823,90066,19647
1400000US06071000824,82358,6065
1400000US06071000825,61825,12866
1400000US06071000826,88285,21234
1400000US06071000901,72375,31072
1400000US06071000903,90254,12634
1400000US06071000904,87450,22205
1400000US06071001001,81091,18459
1400000US06071001002,79413,10533
1400000US06071001101,68429,5125
1400000US06071001103,76429,22473
1400000US06071001104,72455,29839
1400000US06071001200,95114,24016
1400000US06071001305,58571,13736
1400000US06071001307,99832,13185
1400000US06071001308,87672,24870
1400000US06071001309,72348,20847
1400000US06071001310,94219,17280
1400000US06071001311,131367,25188
1400000US06071001312,104479,10391
1400000US06071001400,68619,5812
1400000US06071001501,74583,13235
1400000US06071001503,60825,8537
1400000US06071001504,56383,10183
1400000US06071001600,65188,18625
1400000US06071001702,106104,12993
1400000US06071001703,120793,17866
1400000US06071001704,76961,10323
1400000US06071001706,78383,9858
1400000US06071001707,99668,17729
1400000US06071001803,74447,18798
1400000US06071001804,129314,32276
1400000US06071001806,124554,14667
1400000US06071001808,84349,36054
1400000US06071001809,78365,11251
1400000US06071001810,69148,16639
1400000US06071001812,66008,4695
1400000US06071001813,91213,3989
1400000US06071001901,134712,26351
1400000US06071001906,137699,24028
1400000US06071001907,107439,15365
1400000US06071001908,138618,18822
1400000US06071001909,110878,13692
1400000US06071001910,103462,52493
1400000US06071001911,145327,16774
1400000US06071002011,149853,29575
1400000US06071002013,101622,25687
1400000US06071002014,150125,23939
1400000US06071002015,104461,13102
1400000US06071002016,117988,26277
1400000US06071002017,153168,12244
1400000US06071002018,116875,13851
1400000US06071002019,114474,22097
1400000US06071002021,149609,14586
1400000US06071002023,77148,9916
1400000US06071002025,86410,21922
1400000US06071002027,94286,29417
1400000US06071002028,116735,33708
1400000US06071002029,126848,13477
1400000US06071002031,157370,24445
1400000US06071002035,93207,12278
1400000US06071002037,137400,15747
1400000US06071002038,137604,27502
1400000US06071002039,159832,22709
1400000US06071002040,202574,39770
1400000US06071002041,180608,9987
1400000US06071002042,244444,38834
1400000US06071002043,202227,48657
1400000US06071002044,122123,24886
1400000US06071002045,113043,26241
1400000US06071002046,141510,12319
1400000US06071002047,111340,14778
1400000US06071002048,126875,26835
1400000US06071002049,90306,11747
1400000US06071002050,90212,8571
1400000US06071002051,119167,37199
1400000US06071002101,60625,26884
1400000US06071002103,76343,24876
1400000US06071002105,56149,26354
1400000US06071002107,84242,8268
1400000US06071002109,94067,21288
1400000US06071002111,80074,13238
1400000US06071002112,81947,19374
1400000US06071002204,92091,10987
1400000US06071002206,106023,19744
1400000US06071002207,80811,14759
1400000US06071002306,118507,19084
1400000US06071002307,78077,18541
1400000US06071002308,104361,28979
1400000US06071002309,124412,14976
1400000US06071002310,110729,40791
1400000US06071002311,111303,42118
1400000US06071002312,132272,14340
1400000US06071002313,112120,13322
1400000US06071002314,128036,35703
1400000US06071002315,142234,38803
1400000US06071002403,93060,19050
1400000US06071002404,86786,26575
1400000US06071002405,77706,9736
1400000US06071002406,93462,39483
1400000US06071002501,98750,32677
1400000US06071002503,85125,16441
1400000US06071002504,90402,11044
1400000US06071002602,89355,11294
1400000US06071002604,99286,14483
1400000US06071002606,96885,6918
1400000US06071002608,116923,33807
1400000US06071002609,112078,34706
1400000US06071002610,118967,30858
1400000US06071002611,151016,18520
1400000US06071002703,117583,16476
1400000US06071002705,109647,10897
1400000US06071002706,147066,15170
1400000US06071002707,162917,56482
1400000US06071002708,147148,11172
1400000US06071002709,150194,15800
1400000US06071002801,94779,9672
1400000US06071002803,74905,7837
1400000US06071002804,61477,15246
1400000US06071002901,77463,22899
1400000US06071002902,66995,13581
1400000US06071003000,32361,9763
1400000US06071003101,77632,51642
1400000US06071003102,62484,14469
1400000US06071003201,80833,32351
1400000US06071003202,69317,9391
1400000US06071003301,81250,15494
1400000US06071003302,77065,8089
1400000US06071003401,80647,10497
1400000US06071003403,91309,2180
1400000US06071003404,76329,8495
1400000US06071003405,70887,13125
1400000US06071003503,96825,27323
1400000US06071003505,65294,18293
1400000US06071003506,80952,7940
1400000US06071003507,100972,32381
1400000US06071003509,87813,30452
1400000US06071003510,61754,13599
1400000US06071003603,97722,9785
1400000US06071003605,88268,11561
1400000US06071003606,79917,15278
1400000US06071003607,92250,12969
1400000US06071003609,66776,19420
1400000US06071003611,76046,6272
1400000US06071003612,99318,21396
1400000US06071003700,42491,12266
1400000US06071003801,121639,20240
1400000US06071003803,69079,17432
1400000US06071003804,110345,14158
1400000US06071003900,82607,18071
1400000US06071004001,80611,15627
1400000US06071004003,85972,27431
1400000US06071004004,89494,17058
1400000US06071004101,76156,10596
1400000US06071004103,65086,19040
1400000US06071004104,71875,30591
1400000US06071004201,58205,13985
1400000US06071004202,50217,13047
1400000US06071004301,53750,34874
1400000US06071004302,60655,25673
1400000US06071004401,102900,27237
1400000US06071004403,74323,18242
1400000US06071004404,61295,13176
1400000US06071004503,127674,53468
1400000US06071004505,63935,21428
1400000US06071004507,66168,9098
1400000US06071004509,83365,23215
1400000US06071004510,87357,9149
1400000US06071004511,96311,20486
1400000US06071004512,108203,15760
1400000US06071004601,110625,31926
1400000US06071004603,82708,25720
1400000US06071004604,60367,8190
1400000US06071004700,48981,8156
1400000US06071004800,53702,14100
1400000US06071004901,51875,14888
1400000US06071004902,71705,28629
1400000US06071005101,98679,28592
1400000US06071005102,89972,14119
1400000US06071005200,79534,15783
1400000US06071005300,67901,11346
1400000US06071005400,62799,16740
1400000US06071005501,40446,16515
1400000US06071005502,36886,4472
1400000US06071005601,49385,12432
1400000US06071005602,45903,15281
1400000US06071005701,14306,1541
1400000US06071005800,35813,13918
1400000US06071006101,82431,14543
1400000US06071006102,112866,15394
1400000US06071006201,86207,25173
1400000US06071006203,42218,18720
1400000US06071006204,41531,6905
1400000US06071006301,51948,8480
1400000US06071006303,44100,11361
1400000US06071006304,58583,34219
1400000US06071006401,45865,8634
1400000US06071006402,74083,7965
1400000US06071006501,48710,16588
1400000US06071006502,64375,21284
1400000US06071006601,61702,9263
1400000US06071006603,81784,15269
1400000US06071006604,65427,19873
1400000US06071006700,55938,15136
1400000US06071007001,62457,12102
1400000US06071007002,68340,10205
1400000US06071007104,107295,30809
1400000US06071007105,71667,24959
1400000US06071007106,69973,24362
1400000US06071007107,69375,14202
1400000US06071007108,70980,11993
1400000US06071007110,96500,17931
1400000US06071007111,79985,12962
1400000US06071007112,49418,19774
1400000US06071007201,89620,20845
1400000US06071007202,62635,14154
1400000US06071007303,58229,11720
1400000US06071007305,71304,19895
1400000US06071007306,104563,22539
1400000US06071007307,98092,24912
1400000US06071007308,90726,19048
1400000US06071007404,103308,11879
1400000US06071007407,46150,11046
1400000US06071007408,43103,13994
1400000US06071007409,70517,16746
1400000US06071007410,50929,7099
1400000US06071007411,111458,41806
1400000US06071007412,86836,16035
1400000US06071007603,46694,13090
1400000US06071007604,79783,12625
1400000US06071007605,42658,4389
1400000US06071007606,46963,5189
1400000US06071007800,92693,22109
1400000US06071007903,121763,17859
1400000US06071007904,179529,15799
1400000US06071007905,121875,34477
1400000US06071007906,195568,15600
1400000US06071008001,114161,10556
1400000US06071008003,60060,11782
1400000US06071008004,75060,16092
1400000US06071008100,60509,9512
1400000US06071008201,76558,19704
1400000US06071008202,102604,19249
1400000US06071008301,110523,20749
1400000US06071008302,191442,13327
1400000US06071008402,115781,17859
1400000US06071008403,130600,6931
1400000US06071008404,58924,15858
1400000US06071008405,117188,17265
1400000US06071008406,111210,15783
1400000US06071008501,136528,36950
1400000US06071008502,250000,72414
1400000US06071008601,79478,13712
1400000US06071008602,62124,28546
1400000US06071008705,79777,13086
1400000US06071008708,109821,25884
1400000US06071008709,65050,14850
1400000US06071008710,49732,12347
1400000US06071008711,131750,25743
1400000US06071008712,168112,14528
1400000US06071008713,60431,20672
1400000US06071008714,54617,13195
1400000US06071008715,154630,21337
1400000US06071008716,100722,15870
1400000US06071008800,89547,21363
1400000US06071008901,65600,14008
1400000US06071009109,77789,16270
1400000US06071009119,113333,25456
1400000US06071009120,71774,10752
1400000US06071009121,54157,31426
1400000US06071009122,78245,18130
1400000US06071009123,80411,27621
1400000US06071009124,80707,14832
1400000US06071009125,75638,32194
1400000US06071009126,85833,24321
1400000US06071009127,113629,20349
1400000US06071009128,78736,10178
1400000US06071009129,73702,6832
1400000US06071009130,78611,13383
1400000US06071009131,38750,6624
1400000US06071009132,46667,18019
1400000US06071009133,71280,9407
1400000US06071009134,61250,19990
1400000US06071009135,89502,4553
1400000US06071009136,79557,19374
1400000US06071009137,100313,61984
1400000US06071009138,92105,30927
1400000US06071009139,102225,14799
1400000US06071009201,76350,30069
1400000US06071009202,86538,17202
1400000US06071009300,87754,13997
1400000US06071009400,41199,7857
1400000US06071009501,41531,12700
1400000US06071009502,60759,38725
1400000US06071009708,73125,11938
1400000US06071009709,60427,15567
1400000US06071009712,58894,18203
1400000US06071009713,64440,20257
1400000US06071009714,86406,25131
1400000US06071009717,90909,33485
1400000US06071009718,58387,7976
1400000US06071009719,69975,23123
1400000US06071009720,64304,11809
1400000US06071009721,55250,11036
1400000US06071009722,91250,12978
1400000US06071009723,105652,16100
1400000US06071009724,106205,16128
1400000US06071009725,90441,15924
1400000US06071009726,65344,8369
1400000US06071009727,37147,6455
1400000US06071009800,34684,12263
1400000US06071009906,97647,18681
1400000US06071009908,89836,6074
1400000US06071009910,85039,22987
1400000US06071009911,80636,12081
1400000US06071009912,46270,12957
1400000US06071009913,56055,14484
1400000US06071009914,65071,13302
1400000US06071009915,93986,17988
1400000US06071009916,60449,7810
1400000US06071009917,59806,20677
1400000US06071009918,52408,38737
1400000US06071010009,86707,15419
1400000US06071010010,67601,14853
1400000US06071010011,62500,7663
1400000US06071010012,69680,17193
1400000US06071010014,57917,10264
1400000US06071010015,76645,33423
1400000US06071010016,79071,19943
1400000US06071010019,64967,7925
1400000US06071010021,90933,21840
1400000US06071010022,81514,25376
1400000US06071010023,91639,21308
1400000US06071010024,83846,27272
1400000US06071010027,81319,12956
1400000US06071010028,58935,23763
1400000US06071010029,77188,16173
1400000US06071010030,90000,25634
1400000US06071010031,85282,28833
1400000US06071010032,69105,10022
1400000US06071010033,25717,5331
1400000US06071010034,86150,59786
1400000US06071010035,69661,24046
1400000US06071010036,64588,11161
1400000US06071010037,75768,26954
1400000US06071010038,51060,23504
1400000US06071010039,81898,30171
1400000US06071010040,124550,56397
1400000US06071010041,87162,33956
1400000US06071010042,101359,8702
1400000US06071010300,64348,11709
1400000US06071010402,66491,7889
1400000US06071010410,47366,16497
1400000US06071010413,60208,30282
1400000US06071010415,82944,19893
1400000US06071010417,49591,10548
1400000US06071010419,89522,21411
1400000US06071010420,47885,13502
1400000US06071010422,68750,31988
1400000US06071010424,58835,8169
1400000US06071010425,24095,7302
1400000US06071010426,80682,34851
1400000US06071010427,35625,17948
1400000US06071010428,60000,18966
1400000US06071010429,61129,17269
1400000US06071010430,93224,24797
1400000US06071010431,63100,44688
1400000US06071010432,69875,56843
1400000US06071010433,44366,4200
1400000US06071010434,44318,23222
1400000US06071010435,45313,14489
1400000US06071010436,44609,20403
1400000US06071010700,33554,9141
1400000US06071010803,84618,18473
1400000US06071010804,77778,36997
1400000US06071010805,69205,27550
1400000US06071010806,78709,16518
1400000US06071010903,125430,26518
1400000US06071010904,86272,5687
1400000US06071010905,100700,12796
1400000US06071010906,57664,54883
1400000US06071011002,114375,22939
1400000US06071011003,88661,18728
1400000US06071011004,106308,54742
1400000US06071011101,87209,24197
1400000US06071011102,66563,38036
1400000US06071011203,92212,28868
1400000US06071011204,91406,73763
1400000US06071011205,54409,38810
1400000US06071011206,56250,11949
1400000US06071011300,81833,25523
1400000US06071011404,82361,30142
1400000US06071011405,58571,35666
1400000US06071011406,78102,13425
1400000US06071011407,73854,6119
1400000US06071011408,49511,17583
1400000US06071011500,88162,24083
1400000US06071011601,115829,14659
1400000US06071011602,63906,49057
1400000US06071011700,68929,24615
1400000US06071011801,104070,30542
1400000US06071011802,77931,9298
1400000US06071011900,66250,26016
1400000US06071012001,74375,9869
1400000US06071012002,44798,5664
1400000US06071012101,77143,21650
1400000US06071012103,44038,25551
1400000US06071012105,74453,39365
1400000US06071012106,60568,8625
1400000US06071012201,96625,37327
1400000US06071012202,-666666666,-222222222
1400000US06071012300,-666666666,-222222222
1400000US06071012400,80417,8456
1400000US06071012500,64292,27430
1400000US06071012700,85284,26049
1400000US06071025000,75984,10777
1400000US06071025100,50640,8672
1400000US06071940100,37500,13233
1400000US06071980100,-666666666,-222222222
1400000US06071980200,-666666666,-222222222
1400000US06073000100,231667,73946
1400000US06073000201,124722,30924
1400000US06073000202,120091,14053
1400000US06073000301,87813,18832
1400000US06073000302,89573,16541
1400000US06073000400,100636,15599
1400000US06073000500,120172,24699
1400000US06073000600,104078,10607
1400000US06073000700,105633,26319
1400000US06073000800,84747,18250
1400000US06073000901,102905,17675
1400000US06073000902,88229,24765
1400000US06073001000,92850,10251
1400000US06073001100,98634,4140
1400000US06073001201,68578,18027
1400000US06073001202,100670,20512
1400000US06073001301,100764,20734
1400000US06073001302,77459,17028
1400000US06073001400,97292,16364
1400000US06073001500,102321,23440
1400000US06073001600,73984,13428
1400000US06073001700,91280,18958
1400000US06073001801,83065,21360
1400000US06073001802,84885,18483
1400000US06073001900,133778,32188
1400000US06073002001,181477,29299
1400000US06073002002,182125,30276
1400000US06073002100,79538,14433
1400000US06073002201,38933,31681
1400000US06073002202,55790,14677
1400000US06073002301,78838,14401
1400000US06073002302,63049,30819
1400000US06073002401,78870,12654
1400000US06073002402,60029,15317
1400000US06073002501,71250,15482
1400000US06073002502,92210,12366
1400000US06073002601,63347,14292
1400000US06073002602,67762,22137
1400000US06073002702,74940,18499
1400000US06073002703,83469,8063
1400000US06073002705,81464,20103
1400000US06073002707,51585,31000
1400000US06073002708,37059,6829
1400000US06073002709,58875,12849
1400000US06073002710,60076,25905
1400000US06073002711,84607,13281
1400000US06073002712,52688,10973
1400000US06073002801,130833,72168
1400000US06073002803,84515,21923
1400000US06073002804,80566,21835
1400000US06073002902,81220,33327
1400000US06073002903,96153,2161
1400000US06073002904,51657,29837
1400000US06073002905,88529,20838
1400000US06073003001,98944,28461
1400000US06073003003,86319,9881
1400000US06073003004,66531,11848
1400000US06073003101,98505,16927
1400000US06073003103,118317,29440
1400000US06073003105,112842,21528
1400000US06073003107,109970,12678
1400000US06073003108,101914,23989
1400000US06073003109,128313,5799
1400000US06073003111,61364,26387
1400000US06073003112,95278,13028
1400000US06073003113,122533,10622
1400000US06073003114,113267,1312
1400000US06073003115,101813,20276
1400000US06073003201,83169,23494
1400000US06073003202,99821,28267
1400000US06073003204,112377,10516
1400000US06073003207,106678,23946
1400000US06073003208,99464,22993
1400000US06073003209,85700,12484
1400000US06073003211,96541,7387
1400000US06073003212,88639,19480
1400000US06073003213,137870,25482
1400000US06073003214,75474,11300
1400000US06073003301,67414,17026
1400000US06073003303,71563,20248
1400000US06073003304,41735,12266
1400000US06073003305,49813,20120
1400000US06073003401,83108,13989
1400000US06073003403,75550,21276
1400000US06073003404,79795,14192
1400000US06073003501,61722,25257
1400000US06073003502,55556,8513
1400000US06073003601,85430,23076
1400000US06073003602,66037,8074
1400000US06073003603,73333,27724
1400000US06073003800,-666666666,-222222222
1400000US06073003901,73324,11467
1400000US06073003902,46875,23527
1400000US06073004000,56563,32797
1400000US06073004101,62365,32725
1400000US06073004102,76042,26643
1400000US06073004200,160127,38720
1400000US06073004300,121250,16551
1400000US06073004400,137872,35122
1400000US06073004501,78021,13866
1400000US06073004600,86611,10064
1400000US06073004700,72143,17330
1400000US06073004800,61787,21359
1400000US06073004900,52009,19622
1400000US06073005000,60750,25207
1400000US06073005101,91137,5311
1400000US06073005102,85538,11892
1400000US06073005103,39519,20685
1400000US06073005201,96132,18238
1400000US06073005202,47056,19658
1400000US06073005301,78530,6099
1400000US06073005302,79650,21909
1400000US06073005401,186494,52539
1400000US06073005402,168611,72345
1400000US06073005403,129185,28411
1400000US06073005500,-666666666,-222222222
1400000US06073005601,58867,44307
1400000US06073005602,104896,30253
1400000US06073005700,76250,6942
1400000US06073005801,123537,30198
1400000US06073005802,143750,28726
1400000US06073005900,82686,32430
1400000US06073006000,102404,45953
1400000US06073006100,109750,17173
1400000US06073006200,-666666666,-222222222
1400000US06073006300,-666666666,-222222222
1400000US06073006500,72766,20067
1400000US06073006600,110651,16806
1400000US06073006801,96523,22318
1400000US06073006802,111858,21493
1400000US06073006900,146779,29915
1400000US06073007002,184167,47637
1400000US06073007100,144087,41860
1400000US06073007200,176063,17763
1400000US06073007302,183529,41716
1400000US06073007303,105398,11659
1400000US06073007304,106491,26227
1400000US06073007401,104722,44886
1400000US06073007402,121103,49138
1400000US06073007501,95270,16461
1400000US06073007502,97309,14453
1400000US06073007601,114034,20606
1400000US06073007602,135798,36029
1400000US06073007701,121935,24488
1400000US06073007702,122898,66357
1400000US06073007800,108000,32355
1400000US06073007905,123571,30425
1400000US06073007907,104067,24904
1400000US06073007908,94432,19699
1400000US06073007910,103250,36374
1400000US06073007911,122344,31463
1400000US06073007912,116303,20437
1400000US06073008002,189479,54762
1400000US06073008003,169013,26781
1400000US06073008006,143977,32042
1400000US06073008101,117411,34540
1400000US06073008102,203039,13804
1400000US06073008201,129250,51717
1400000US06073008202,111836,44303
1400000US06073008301,216823,65393
1400000US06073008303,230511,48603
1400000US06073008305,41840,3736
1400000US06073008306,204779,34244
1400000US06073008307,108667,63293
1400000US06073008310,172399,55072
1400000US06073008311,250001,-333333333
1400000US06073008312,143847,25931
1400000US06073008313,221536,22445
1400000US06073008324,197535,44685
1400000US06073008327,192234,37048
1400000US06073008328,250001,-333333333
1400000US06073008330,164821,72171
1400000US06073008331,230956,26820
1400000US06073008336,190938,27437
1400000US06073008337,173622,17787
1400000US06073008339,80804,11936
1400000US06073008343,91336,27219
1400000US06073008344,193359,54830
1400000US06073008345,92846,15390
1400000US06073008346,183698,31407
1400000US06073008347,149052,17604
1400000US06073008348,161447,13655
1400000US06073008349,150114,25867
1400000US06073008350,145682,20929
1400000US06073008351,142516,20396
1400000US06073008352,114493,23345
1400000US06073008353,153376,12635
1400000US06073008355,155263,16757
1400000US06073008356,124707,11022
1400000US06073008357,111332,24871
1400000US06073008358,114760,40647
1400000US06073008359,96447,15422
1400000US06073008360,101963,7979
1400000US06073008361,112426,17920
1400000US06073008362,127500,17485
1400000US06073008363,76500,12492
1400000US06073008364,106875,19262
1400000US06073008365,215532,18589
1400000US06073008366,207135,44163
1400000US06073008367,122266,57538
1400000US06073008368,220580,25393
1400000US06073008369,170156,66103
1400000US06073008370,149851,24835
1400000US06073008371,207532,57881
1400000US06073008372,250001,-333333333
1400000US06073008373,192031,65404
1400000US06073008374,250001,-333333333
1400000US06073008375,123906,43371
1400000US06073008376,110625,19461
1400000US06073008377,92700,23513
1400000US06073008378,73828,35274
1400000US06073008379,75110,28699
1400000US06073008380,94766,18266
1400000US06073008381,201319,42569
1400000US06073008501,144559,32480
1400000US06073008502,102326,22788
1400000US06073008503,110065,19942
1400000US06073008504,126865,25926
1400000US06073008505,88184,16743
1400000US06073008506,121484,6590
1400000US06073008507,88824,11633
1400000US06073008509,113818,25805
1400000US06073008510,87143,25963
1400000US06073008511,140403,10192
1400000US06073008512,123933,18511
1400000US06073008513,138835,17695
1400000US06073008600,66193,10735
1400000US06073008701,79191,12582
1400000US06073008702,118556,26344
1400000US06073008800,83125,29246
1400000US06073008901,81859,13035
1400000US06073008902,106897,22051
1400000US06073009000,117161,11601
1400000US06073009101,136356,32900
1400000US06073009102,75764,9570
1400000US06073009103,144821,30947
1400000US06073009104,134896,35298
1400000US06073009107,100085,20283
1400000US06073009108,93967,18994
1400000US06073009109,176250,32485
1400000US06073009201,86111,30886
1400000US06073009203,131629,28148
1400000US06073009204,151849,57719
1400000US06073009301,112923,23325
1400000US06073009305,134102,18049
1400000US06073009306,155329,12024
1400000US06073009307,121642,13084
1400000US06073009308,86139,6703
1400000US06073009400,89893,9875
1400000US06073009502,141786,51848
1400000US06073009504,250001,-333333333
1400000US06073009505,121960,11197
1400000US06073009506,160956,18549
1400000US06073009507,117330,37824
1400000US06073009509,148568,24393
1400000US06073009510,60497,13619
1400000US06073009511,78102,11342
1400000US06073009602,141442,27343
1400000US06073009603,57430,15881
1400000US06073009604,92049,15252
1400000US06073009703,149583,27893
1400000US06073009704,128491,21210
1400000US06073009705,147083,40383
1400000US06073009706,154217,39037
1400000US06073009801,138866,16000
1400000US06073009802,105000,25709
1400000US06073009804,131504,34860
1400000US06073009805,102202,12602
1400000US06073009901,-666666666,-222222222
1400000US06073009902,-666666666,-222222222
1400000US06073010001,110060,34632
1400000US06073010003,105455,10184
1400000US06073010004,103500,18772
1400000US06073010005,34148,10154
1400000US06073010009,73918,5547
1400000US06073010010,63485,17224
1400000US06073010011,114167,30778
1400000US06073010012,101771,22252
1400000US06073010013,73699,9552
1400000US06073010015,131029,31271
1400000US06073010016,-666666666,-222222222
1400000US06073010017,112388,7606
1400000US06073010018,133875,29983
1400000US06073010019,130779,23314
1400000US06073010103,66222,14528
1400000US06073010104,111573,26246
1400000US06073010106,68000,29585
1400000US06073010107,88113,13202
1400000US06073010109,109239,10245
1400000US06073010110,76875,15034
1400000US06073010111,80404,24086
1400000US06073010112,61522,8415
1400000US06073010201,98418,17740
1400000US06073010202,108486,14112
1400000US06073010300,77123,15307
1400000US06073010401,75417,28393
1400000US06073010402,70125,15884
1400000US06073010501,121310,14283
1400000US06073010502,68109,19672
1400000US06073010601,207727,34664
1400000US06073010800,136731,24743
1400000US06073010900,169750,42506
1400000US06073011000,109132,31747
1400000US06073011100,123288,14720
1400000US06073011300,111397,58142
1400000US06073011601,77036,15579
1400000US06073011602,61854,8533
1400000US06073011700,56582,25115
1400000US06073011801,60735,29499
1400000US06073011802,61947,21390
1400000US06073011902,82551,11206
1400000US06073012002,48786,7463
1400000US06073012003,88472,19314
1400000US06073012101,83750,17912
1400000US06073012102,69714,19337
1400000US06073012200,62179,10258
1400000US06073012302,44125,7380
1400000US06073012303,71583,10546
1400000US06073012304,92614,22839
1400000US06073012401,80367,5791
1400000US06073012402,69048,26572
1400000US06073012501,40000,15570
1400000US06073012502,61936,23432
1400000US06073012600,75929,15542
1400000US06073012700,75862,17292
1400000US06073012800,79155,23865
1400000US06073012900,115288,24246
1400000US06073013000,67740,9938
1400000US06073013102,71037,12253
1400000US06073013103,81667,20227
1400000US06073013104,64250,19969
1400000US06073013203,57014,14736
1400000US06073013204,67361,17470
1400000US06073013205,65000,28885
1400000US06073013206,54293,3877
1400000US06073013301,92813,18314
1400000US06073013302,112464,21126
1400000US06073013303,73438,37344
1400000US06073013306,87757,18795
1400000US06073013307,80156,36148
1400000US06073013308,101979,23686
1400000US06073013309,145195,27451
1400000US06073013312,114667,33368
1400000US06073013315,150938,13471
1400000US06073013316,139542,27588
1400000US06073013317,129469,25166
1400000US06073013318,161486,28909
1400000US06073013319,133750,18404
1400000US06073013320,126122,31530
1400000US06073013321,167670,29863
1400000US06073013322,164500,46875
1400000US06073013323,173852,32977
1400000US06073013324,127716,23471
1400000US06073013325,85455,46506
1400000US06073013326,208750,36442
1400000US06073013327,139803,25177
1400000US06073013401,136190,24974
1400000US06073013409,111349,21526
1400000US06073013411,160882,22170
1400000US06073013412,123571,17001
1400000US06073013414,145961,21036
1400000US06073013415,154688,35265
1400000US06073013416,121439,16875
1400000US06073013417,158203,10053
1400000US06073013418,90395,35876
1400000US06073013420,79757,53585
1400000US06073013421,152548,20261
1400000US06073013422,153986,27805
1400000US06073013423,195875,45083
1400000US06073013424,177941,43533
1400000US06073013425,194935,12731
1400000US06073013503,104500,9368
1400000US06073013504,141330,19680
1400000US06073013505,113333,28177
1400000US06073013506,111304,21599
1400000US06073013601,122238,9638
1400000US06073013604,106622,20661
1400000US06073013605,132554,70304
1400000US06073013607,79847,12841
1400000US06073013608,73583,29283
1400000US06073013701,123750,14528
1400000US06073013702,91217,14011
1400000US06073013801,86477,24834
1400000US06073013802,96613,13486
1400000US06073013903,116488,24639
1400000US06073013905,138340,10889
1400000US06073013906,74625,13842
1400000US06073013907,74545,26178
1400000US06073013908,118259,51724
1400000US06073013909,105944,25937
1400000US06073014001,85223,16658
1400000US06073014002,78430,10661
1400000US06073014101,108365,20264
1400000US06073014102,107234,19642
1400000US06073014200,114340,64531
1400000US06073014300,91744,14975
1400000US06073014400,51234,18181
1400000US06073014500,84390,21838
1400000US06073014601,81085,12793
1400000US06073014602,132446,26330
1400000US06073014701,113485,12139
1400000US06073014702,120882,14031
1400000US06073014803,83775,10334
1400000US06073014804,99107,22183
1400000US06073014805,105790,15050
1400000US06073014806,67500,11259
1400000US06073014901,83018,10467
1400000US06073014902,74792,18236
1400000US06073015001,114833,16363
1400000US06073015002,69545,20678
1400000US06073015100,103244,7412
1400000US06073015200,160313,17283
1400000US06073015301,78580,35791
1400000US06073015302,112656,24794
1400000US06073015403,160625,28130
1400000US06073015405,139494,11994
1400000US06073015406,169375,26422
1400000US06073015407,49544,10493
1400000US06073015408,143125,73133
1400000US06073015501,112703,18296
1400000US06073015502,143542,33789
1400000US06073015601,64757,14459
1400000US06073015602,154333,32287
1400000US06073015701,45285,6253
1400000US06073015704,46022,10535
1400000US06073015705,56811,10305
1400000US06073015706,37432,11576
1400000US06073015801,53602,6244
1400000US06073015802,60368,9391
1400000US06073015901,46372,10809
1400000US06073015902,46969,15752
1400000US06073016000,90357,34490
1400000US06073016100,114228,14436
1400000US06073016201,130852,16699
1400000US06073016202,72342,12575
1400000US06073016301,63889,18180
1400000US06073016302,51164,13279
1400000US06073016401,111250,18511
1400000US06073016403,80341,32631
1400000US06073016404,46835,22552
1400000US06073016502,68202,8336
1400000US06073016503,109023,15076
1400000US06073016504,70394,12114
1400000US06073016606,128750,17612
1400000US06073016607,143331,18268
1400000US06073016608,143882,23286
1400000US06073016609,127559,8518
1400000US06073016610,97700,13584
1400000US06073016613,120227,20623
1400000US06073016614,124071,15741
1400000US06073016615,141150,31241
1400000US06073016616,70855,24002
1400000US06073016617,46146,20068
1400000US06073016618,104833,25147
1400000US06073016619,96630,18553
1400000US06073016620,96855,15679
1400000US06073016621,154577,44110
1400000US06073016703,120258,23152
1400000US06073016704,112045,20909
1400000US06073016705,76985,20629
1400000US06073016706,92353,32102
1400000US06073016804,87841,14449
1400000US06073016806,99191,18024
1400000US06073016807,119187,30096
1400000US06073016809,79330,31483
1400000US06073016810,135313,28546
1400000US06073016811,125792,38312
1400000US06073016812,72986,21062
1400000US06073016813,108958,16169
1400000US06073016901,125347,41928
1400000US06073016902,128313,22703
1400000US06073017006,158026,42335
1400000US06073017009,96644,17016
1400000US06073017010,214398,40385
1400000US06073017014,75536,9364
1400000US06073017018,116202,21743
1400000US06073017020,216161,25220
1400000US06073017021,191406,39230
1400000US06073017022,135848,11160
1400000US06073017031,163594,38063
1400000US06073017033,170875,15862
1400000US06073017034,138308,12339
1400000US06073017035,129348,40753
1400000US06073017036,162083,28948
1400000US06073017037,132813,15130
1400000US06073017039,135750,25209
1400000US06073017040,166042,38852
1400000US06073017041,131650,16803
1400000US06073017043,175450,32493
1400000US06073017044,225882,44028
1400000US06073017045,228750,35329
1400000US06073017046,186452,39034
1400000US06073017047,181429,38741
1400000US06073017048,98007,18505
1400000US06073017049,120486,12427
1400000US06073017050,111272,13826
1400000US06073017051,130980,17752
1400000US06073017052,118036,31906
1400000US06073017053,224615,44185
1400000US06073017054,175965,19582
1400000US06073017055,178036,38209
1400000US06073017056,102405,12371
1400000US06073017057,168831,23751
1400000US06073017058,147817,35865
1400000US06073017059,92090,11303
1400000US06073017060,127143,50433
1400000US06073017061,171972,80435
1400000US06073017062,250001,-333333333
1400000US06073017063,124861,47537
1400000US06073017064,243880,27482
1400000US06073017065,212083,38890
1400000US06073017066,200260,40236
1400000US06073017067,224149,17111
1400000US06073017068,156146,34196
1400000US06073017069,166875,37908
1400000US06073017070,202813,48449
1400000US06073017071,154907,58359
1400000US06073017104,137658,15391
1400000US06073017106,213659,40963
1400000US06073017107,210227,40307
1400000US06073017108,170833,33356
1400000US06073017109,184881,87925
1400000US06073017111,184080,37413
1400000US06073017112,250001,-333333333
1400000US06073017113,132431,26664
1400000US06073017201,202045,45146
1400000US06073017202,179732,36928
1400000US06073017303,122122,32461
1400000US06073017305,159766,27756
1400000US06073017306,229406,40122
1400000US06073017307,175547,46402
1400000US06073017308,101833,60857
1400000US06073017403,154886,32736
1400000US06073017405,150893,60372
1400000US06073017406,189135,24513
1400000US06073017407,196992,29016
1400000US06073017408,177037,25826
1400000US06073017501,157243,38755
1400000US06073017502,129375,34521
1400000US06073017601,175607,36795
1400000US06073017603,168807,40039
1400000US06073017605,152035,97024
1400000US06073017606,103250,24645
1400000US06073017701,119280,32357
1400000US06073017702,157875,44130
1400000US06073017801,111118,20522
1400000US06073017808,168897,22789
1400000US06073017809,141181,58203
1400000US06073017810,104137,37552
1400000US06073017811,170540,21016
1400000US06073017813,135860,17273
1400000US06073017901,75908,7641
1400000US06073017902,85227,51034
1400000US06073018000,101589,8670
1400000US06073018101,119399,11945
1400000US06073018102,90306,25510
1400000US06073018201,77759,11565
1400000US06073018202,95494,18797
1400000US06073018301,74524,27444
1400000US06073018302,64792,13657
1400000US06073018400,72750,26429
1400000US06073018504,96023,34397
1400000US06073018509,71371,8530
1400000US06073018510,87083,53862
1400000US06073018511,75000,13735
1400000US06073018512,63668,13049
1400000US06073018515,116161,20994
1400000US06073018516,110313,26556
1400000US06073018517,93265,20670
1400000US06073018518,105990,14031
1400000US06073018519,82363,13159
1400000US06073018520,99671,12295
1400000US06073018521,102679,27615
1400000US06073018522,146406,22894
1400000US06073018523,106071,19090
1400000US06073018524,103458,18985
1400000US06073018525,134475,32465
1400000US06073018601,112111,17513
1400000US06073018608,133026,19192
1400000US06073018609,76579,21512
1400000US06073018612,149107,11683
1400000US06073018613,81042,10500
1400000US06073018615,69149,12587
1400000US06073018616,51607,21484
1400000US06073018617,146900,13919
1400000US06073018618,83750,18017
1400000US06073018619,150918,4894
1400000US06073018620,118241,40761
1400000US06073018621,74836,28313
1400000US06073018622,77601,7059
1400000US06073018700,67156,2402
1400000US06073018801,121050,21143
1400000US06073018803,104866,16944
1400000US06073018804,124911,37033
1400000US06073018805,125871,24047
1400000US06073018903,80211,8927
1400000US06073018904,85518,15108
1400000US06073018905,89716,41162
1400000US06073018906,81045,15512
1400000US06073019001,133157,11001
1400000US06073019002,139412,10150
1400000US06073019103,121601,34211
1400000US06073019105,122109,33528
1400000US06073019107,108533,29369
1400000US06073019108,110114,31978
1400000US06073019109,145221,57309
1400000US06073019110,143144,24305
1400000US06073019111,142431,55856
1400000US06073019203,142891,23989
1400000US06073019205,61467,7047
1400000US06073019206,98538,15207
1400000US06073019208,107375,60342
1400000US06073019209,140417,20043
1400000US06073019210,87792,14061
1400000US06073019301,125564,30593
1400000US06073019303,115906,29968
1400000US06073019304,106657,22281
1400000US06073019305,78578,5116
1400000US06073019403,111389,26820
1400000US06073019404,85769,27935
1400000US06073019405,82000,14642
1400000US06073019406,97750,26283
1400000US06073019501,86125,14143
1400000US06073019502,65603,16406
1400000US06073019503,85481,14396
1400000US06073019601,118571,38246
1400000US06073019602,101648,26317
1400000US06073019701,89417,16457
1400000US06073019702,109750,22155
1400000US06073019803,109795,33258
1400000US06073019804,151667,31663
1400000US06073019805,87868,24003
1400000US06073019808,109675,10970
1400000US06073019809,133323,28876
1400000US06073019810,133822,46544
1400000US06073019811,136513,49472
1400000US06073019902,81977,11542
1400000US06073019903,110068,15678
1400000US06073019904,111803,16295
1400000US06073019905,112063,18403
1400000US06073020015,184063,58278
1400000US06073020017,73312,5820
1400000US06073020019,89875,29338
1400000US06073020021,79604,10688
1400000US06073020023,97031,22880
1400000US06073020024,99254,15815
1400000US06073020025,82796,10959
1400000US06073020026,135238,24195
1400000US06073020028,59559,9699
1400000US06073020029,77449,22515
1400000US06073020030,170288,53764
1400000US06073020031,116982,51041
1400000US06073020032,183368,24714
1400000US06073020033,118125,23352
1400000US06073020034,247222,23903
1400000US06073020035,200915,29971
1400000US06073020036,73024,14540
1400000US06073020037,107034,19801
1400000US06073020038,151650,27855
1400000US06073020039,156833,29493
1400000US06073020040,164345,40006
1400000US06073020041,85855,17114
1400000US06073020042,110313,19266
1400000US06073020043,237188,26803
1400000US06073020044,213196,57629
1400000US06073020105,114309,14894
1400000US06073020106,116850,44392
1400000US06073020107,111970,16215
1400000US06073020108,68516,8156
1400000US06073020109,106841,16920
1400000US06073020110,134891,16399
1400000US06073020111,131111,54563
1400000US06073020202,53028,10899
1400000US06073020206,71250,19850
1400000US06073020207,78077,17609
1400000US06073020208,114211,42059
1400000US06073020209,56230,10388
1400000US06073020210,73693,17301
1400000US06073020211,57192,21338
1400000US06073020213,59094,15725
1400000US06073020214,36598,21296
1400000US06073020304,144653,21032
1400000US06073020305,124489,17552
1400000US06073020308,52859,17292
1400000US06073020309,113359,4950
1400000US06073020310,111270,23585
1400000US06073020311,130764,35476
1400000US06073020312,113911,22670
1400000US06073020313,64464,20691
1400000US06073020401,143512,37136
1400000US06073020403,137297,23613
1400000US06073020404,104609,14528
1400000US06073020405,164185,23726
1400000US06073020500,83523,11102
1400000US06073020601,64231,13712
1400000US06073020602,76014,8080
1400000US06073020705,129973,19163
1400000US06073020706,173981,43295
1400000US06073020707,100016,21030
1400000US06073020708,163222,32472
1400000US06073020710,153403,9475
1400000US06073020711,154115,50458
1400000US06073020712,139609,46523
1400000US06073020801,148688,24675
1400000US06073020805,122937,16501
1400000US06073020806,90804,28598
1400000US06073020807,128177,30698
1400000US06073020810,138093,8226
1400000US06073020811,154594,40859
1400000US06073020812,54536,35593
1400000US06073020813,115893,19754
1400000US06073020902,127012,23213
1400000US06073020903,67938,7737
1400000US06073020904,85355,18160
1400000US06073021001,65503,13717
1400000US06073021002,101691,51169
1400000US06073021101,60455,53856
1400000US06073021102,52484,25200
1400000US06073021202,91597,43621
1400000US06073021204,140104,16123
1400000US06073021205,87217,25894
1400000US06073021206,139375,32621
1400000US06073021302,120218,29897
1400000US06073021304,166630,31195
1400000US06073021305,143951,14508
1400000US06073021306,162697,29791
1400000US06073021401,130625,37992
1400000US06073021402,115341,28295
1400000US06073021501,250001,-333333333
1400000US06073021502,181644,31020
1400000US06073021600,111076,16891
1400000US06073021800,215000,60785
1400000US06073021900,52696,14996
1400000US06073022000,72188,26786
1400000US06073022101,190469,40768
1400000US06073022102,152627,30748
1400000US06073990100,-666666666,-222222222
1400000US06075010101,89022,40627
1400000US06075010102,102826,55857
1400000US06075010201,156017,4484
1400000US06075010202,176958,57906
1400000US06075010300,158144,24737
1400000US06075010401,181705,83334
1400000US06075010402,203354,81890
1400000US06075010500,179896,35332
1400000US06075010600,75938,46221
1400000US06075010701,24854,9420
1400000US06075010702,84904,27839
1400000US06075010800,123750,67359
1400000US06075010901,183468,32728
1400000US06075010902,155234,49366
1400000US06075011001,129423,30678
1400000US06075011002,157980,27194
1400000US06075011101,93056,36150
1400000US06075011102,104966,27466
1400000US06075011200,121855,57811
1400000US06075011300,32623,8966
1400000US06075011700,51464,19138
1400000US06075011800,43487,21722
1400000US06075011901,96518,15049
1400000US06075011902,75625,7652
1400000US06075012001,80300,15539
1400000US06075012002,72549,22476
1400000US06075012100,108000,36079
1400000US06075012202,57897,20106
1400000US06075012203,23440,4741
1400000US06075012204,64707,22981
1400000US06075012301,23385,5835
1400000US06075012302,44954,13482
1400000US06075012403,-666666666,-222222222
1400000US06075012404,-666666666,-222222222
1400000US06075012405,113665,36690
1400000US06075012406,-666666666,-222222222
1400000US06075012502,18217,5598
1400000US06075012503,50696,9034
1400000US06075012504,19333,10499
1400000US06075012601,171058,36071
1400000US06075012602,244000,66328
1400000US06075012700,234886,58903
1400000US06075012801,215568,79524
1400000US06075012802,250001,-333333333
1400000US06075012901,219125,48806
1400000US06075012902,189444,37214
1400000US06075013001,154659,63146
1400000US06075013002,244215,45743
1400000US06075013101,197014,64815
1400000US06075013102,250001,-333333333
1400000US06075013200,164375,81673
1400000US06075013300,176250,42327
1400000US06075013401,212593,45707
1400000US06075013402,175201,27785
1400000US06075013500,179194,27912
1400000US06075015100,159921,23662
1400000US06075015201,91420,13308
1400000US06075015202,156713,66133
1400000US06075015300,214688,25891
1400000US06075015401,165833,47823
1400000US06075015402,171960,95083
1400000US06075015500,95841,26722
1400000US06075015600,92963,23516
1400000US06075015701,182353,66495
1400000US06075015702,216071,60134
1400000US06075015801,121563,32559
1400000US06075015802,152917,36946
1400000US06075015900,83866,11631
1400000US06075016000,131771,49682
1400000US06075016101,31690,22394
1400000US06075016102,34575,22167
1400000US06075016200,102035,45255
1400000US06075016300,135658,40135
1400000US06075016400,161612,59713
1400000US06075016500,153096,34731
1400000US06075016601,134211,30604
1400000US06075016602,223877,11098
1400000US06075016700,239839,36267
1400000US06075016801,123147,43294
1400000US06075016802,135588,66373
1400000US06075016900,201827,75601
1400000US06075017000,229013,36415
1400000US06075017101,201944,30165
1400000US06075017102,173594,22006
1400000US06075017602,-666666666,-222222222
1400000US06075017603,124291,34349
1400000US06075017604,101761,18881
1400000US06075017700,124679,74100
1400000US06075017801,28408,7277
1400000US06075017803,85909,68359
1400000US06075017804,134264,15623
1400000US06075017903,93269,26466
1400000US06075018000,212439,55153
1400000US06075020101,135759,34324
1400000US06075020102,100761,64064
1400000US06075020201,94265,66756
1400000US06075020202,166985,40083
1400000US06075020300,182547,44542
1400000US06075020401,196667,43939
1400000US06075020402,152097,30439
1400000US06075020500,250001,-333333333
1400000US06075020601,235568,36024
1400000US06075020602,207958,88319
1400000US06075020701,223707,44389
1400000US06075020702,160179,19527
1400000US06075020801,133953,38034
1400000US06075020802,119667,77494
1400000US06075020900,96250,12171
1400000US06075021000,178558,73379
1400000US06075021100,250001,-333333333
1400000US06075021200,201786,26857
1400000US06075021300,208641,47805
1400000US06075021400,213462,43123
1400000US06075021500,178488,29760
1400000US06075021600,237083,35980
1400000US06075021700,133300,40064
1400000US06075021800,250001,-333333333
1400000US06075022600,232036,39380
1400000US06075022702,250001,-333333333
1400000US06075022704,250001,-333333333
1400000US06075022801,160417,46492
1400000US06075022802,107083,42545
1400000US06075022803,164665,41143
1400000US06075022901,101617,22137
1400000US06075022902,205583,89893
1400000US06075022903,189875,70187
1400000US06075023001,129866,71725
1400000US06075023003,102137,50792
1400000US06075023102,43882,18747
1400000US06075023103,30486,9786
1400000US06075023200,82019,40519
1400000US06075023300,89531,32995
1400000US06075023400,62647,19009
1400000US06075025100,165759,42807
1400000US06075025200,197853,96390
1400000US06075025300,181578,25731
1400000US06075025401,204844,55345
1400000US06075025402,190625,32681
1400000US06075025403,147083,76803
1400000US06075025501,113920,34237
1400000US06075025502,180341,29112
1400000US06075025600,144100,28691
1400000US06075025701,130538,5638
1400000US06075025702,125473,23576
1400000US06075025800,82188,46842
1400000US06075025900,175524,39071
1400000US06075026001,120650,28736
1400000US06075026002,127768,45460
1400000US06075026003,105250,38558
1400000US06075026004,146136,31459
1400000US06075026100,122222,32592
1400000US06075026201,160417,16077
1400000US06075026202,148429,15408
1400000US06075026301,115125,28621
1400000US06075026302,92031,24740
1400000US06075026303,96146,29914
1400000US06075026401,82045,39073
1400000US06075026402,151250,58644
1400000US06075026403,75156,54991
1400000US06075026404,84415,15218
1400000US06075030101,156156,14224
1400000US06075030102,208712,56453
1400000US06075030201,109659,29006
1400000US06075030202,122697,72861
1400000US06075030301,199167,16153
1400000US06075030302,216188,48434
1400000US06075030400,137448,38371
1400000US06075030500,177361,43593
1400000US06075030600,247500,26925
1400000US06075030700,185104,66184
1400000US06075030800,186667,60647
1400000US06075030900,235109,52661
1400000US06075031000,206130,15349
1400000US06075031100,200545,34054
1400000US06075031201,120962,35994
1400000US06075031202,181875,48462
1400000US06075031301,147938,88492
1400000US06075031302,138000,17326
1400000US06075031401,99500,25344
1400000US06075031402,155568,34103
1400000US06075032601,154444,28629
1400000US06075032602,163796,48087
1400000US06075032700,128244,44507
1400000US06075032801,154257,11807
1400000US06075032802,105195,27318
1400000US06075032901,176000,24116
1400000US06075032902,126471,37072
1400000US06075033001,183021,56589
1400000US06075033002,181000,42152
1400000US06075033100,176806,43927
1400000US06075033201,-666666666,-222222222
1400000US06075033203,76923,18006
1400000US06075033204,58114,18457
1400000US06075035101,136176,55148
1400000US06075035102,167279,39558
1400000US06075035201,136295,36072
1400000US06075035202,104877,24980
1400000US06075035300,161074,32675
1400000US06075035400,149794,22586
1400000US06075040100,175144,42110
1400000US06075040200,187679,66618
1400000US06075042601,138646,23006
1400000US06075042602,156726,29255
1400000US06075042700,102584,21100
1400000US06075042800,250001,-333333333
1400000US06075045100,211111,46333
1400000US06075045201,166944,34456
1400000US06075045202,133977,53496
1400000US06075047600,180000,30694
1400000US06075047701,121923,27872
1400000US06075047702,112500,27837
1400000US06075047801,172375,36523
1400000US06075047802,129415,20211
1400000US06075047902,125750,32942
1400000US06075047903,144766,33490
1400000US06075047904,105577,47058
1400000US06075060100,219750,58390
1400000US06075060400,77045,40475
1400000US06075060502,39559,32503
1400000US06075060701,231225,62213
1400000US06075060702,147903,14826
1400000US06075060703,179727,55757
1400000US06075061000,155968,40444
1400000US06075061101,24167,7607
1400000US06075061102,28958,25902
1400000US06075061200,128380,40345
1400000US06075061401,148598,85610
1400000US06075061402,226290,67216
1400000US06075061501,229363,120085
1400000US06075061502,122422,67094
1400000US06075061503,188441,27520
1400000US06075061504,231414,68901
1400000US06075061505,250001,-333333333
1400000US06075061506,250001,-333333333
1400000US06075061507,118661,98610
1400000US06075061508,157314,58971
1400000US06075980200,-666666666,-222222222
1400000US06075980300,107188,43473
1400000US06075980401,-666666666,-222222222
1400000US06075980501,12908,1255
1400000US06075980600,154375,47835
1400000US06075980900,-666666666,-222222222
1400000US06075990100,-666666666,-222222222
1400000US06075990200,-666666666,-222222222
1400000US06077000101,38421,7958
1400000US06077000102,22813,6214
1400000US06077000300,33625,12882
1400000US06077000401,63503,14827
1400000US06077000402,43603,15240
1400000US06077000500,52118,11417
1400000US06077000600,38083,11473
1400000US06077000700,50967,7546
1400000US06077000802,71420,13082
1400000US06077000803,103813,16495
1400000US06077000900,80313,20050
1400000US06077001000,78525,16662
1400000US06077001101,84429,13513
1400000US06077001102,64294,11103
1400000US06077001200,95020,12939
1400000US06077001300,75009,12175
1400000US06077001400,62016,16912
1400000US06077001501,93449,16986
1400000US06077001502,48519,7598
1400000US06077001600,63705,15381
1400000US06077001700,44286,40756
1400000US06077001800,62326,5778
1400000US06077001900,63376,6672
1400000US06077002000,49896,23161
1400000US06077002100,49701,7888
1400000US06077002201,59943,14748
1400000US06077002202,54732,12132
1400000US06077002300,68155,9561
1400000US06077002401,82898,15202
1400000US06077002402,57458,11824
1400000US06077002503,47131,6298
1400000US06077002504,113661,35098
1400000US06077002701,66944,12884
1400000US06077002702,66232,13958
1400000US06077002800,83827,9855
1400000US06077003106,92972,17287
1400000US06077003108,85578,8143
1400000US06077003109,89053,21401
1400000US06077003110,70154,21142
1400000US06077003111,69524,14883
1400000US06077003112,86771,31493
1400000US06077003115,64779,16391
1400000US06077003116,55000,9677
1400000US06077003117,154609,22089
1400000US06077003118,120577,19292
1400000US06077003119,197556,54299
1400000US06077003203,105417,13722
1400000US06077003205,84954,31654
1400000US06077003209,118040,16305
1400000US06077003210,75673,29518
1400000US06077003213,79803,22836
1400000US06077003214,114531,11077
1400000US06077003215,80000,13906
1400000US06077003216,104866,8624
1400000US06077003217,59643,31593
1400000US06077003218,80254,12520
1400000US06077003219,145197,21166
1400000US06077003305,76005,8026
1400000US06077003306,59123,17398
1400000US06077003307,53300,11429
1400000US06077003308,56750,28853
1400000US06077003310,46354,22741
1400000US06077003311,93031,10717
1400000US06077003312,33088,5601
1400000US06077003313,61023,24616
1400000US06077003403,82424,24957
1400000US06077003404,56713,8353
1400000US06077003405,70781,9918
1400000US06077003406,40955,5969
1400000US06077003407,58214,4752
1400000US06077003409,81563,11527
1400000US06077003410,69038,6102
1400000US06077003501,91720,3912
1400000US06077003502,91579,50898
1400000US06077003503,112240,22337
1400000US06077003504,115375,26266
1400000US06077003601,95577,24522
1400000US06077003602,79889,35554
1400000US06077003700,64115,12018
1400000US06077003803,98542,28481
1400000US06077003804,117107,18650
1400000US06077003805,160518,32154
1400000US06077003806,120313,43351
1400000US06077003807,100500,27079
1400000US06077003808,100486,34756
1400000US06077003900,41731,20362
1400000US06077004001,59702,11668
1400000US06077004003,132670,31535
1400000US06077004004,142758,21499
1400000US06077004104,123594,20462
1400000US06077004105,95511,20768
1400000US06077004106,116989,40921
1400000US06077004107,108209,13698
1400000US06077004108,118774,29430
1400000US06077004202,130000,32563
1400000US06077004203,95662,26004
1400000US06077004204,83051,22799
1400000US06077004205,70402,15868
1400000US06077004206,63446,12286
1400000US06077004302,84629,20278
1400000US06077004305,132653,15384
1400000US06077004307,80293,15197
1400000US06077004308,76202,14136
1400000US06077004309,125938,22826
1400000US06077004310,143281,66316
1400000US06077004402,99338,17118
1400000US06077004403,34494,34346
1400000US06077004404,73393,35453
1400000US06077004501,63750,12418
1400000US06077004502,47662,17590
1400000US06077004600,101601,28482
1400000US06077004701,91379,35173
1400000US06077004703,121125,27402
1400000US06077004704,125692,32326
1400000US06077004800,103284,26819
1400000US06077004903,73355,25132
1400000US06077004904,80536,16165
1400000US06077004905,106458,18159
1400000US06077004906,81676,23824
1400000US06077005001,100230,23158
1400000US06077005003,154983,28948
1400000US06077005004,96171,15879
1400000US06077005106,137008,17153
1400000US06077005108,75677,21718
1400000US06077005109,61169,16357
1400000US06077005119,134219,28463
1400000US06077005122,121346,28118
1400000US06077005123,103164,22602
1400000US06077005124,77750,10758
1400000US06077005125,84821,14301
1400000US06077005126,74848,17327
1400000US06077005127,111741,30148
1400000US06077005129,97301,14836
1400000US06077005130,86023,12817
1400000US06077005131,92500,22399
1400000US06077005132,64363,23048
1400000US06077005133,88869,14419
1400000US06077005134,116810,9411
1400000US06077005135,119592,15280
1400000US06077005136,126855,16705
1400000US06077005137,139533,19118
1400000US06077005138,54563,39564
1400000US06077005139,133750,12242
1400000US06077005140,86989,19079
1400000US06077005141,82318,11581
1400000US06077005208,96755,13748
1400000US06077005211,141290,26546
1400000US06077005212,177361,27207
1400000US06077005213,159420,66775
1400000US06077005214,141514,15487
1400000US06077005215,194070,48472
1400000US06077005216,166326,18712
1400000US06077005217,147250,28340
1400000US06077005218,166354,25248
1400000US06077005219,168027,10056
1400000US06077005220,104491,9947
1400000US06077005221,179614,38453
1400000US06077005222,171141,11417
1400000US06077005223,192990,43736
1400000US06077005224,117760,18588
1400000US06077005225,108087,12529
1400000US06077005303,74567,17272
1400000US06077005307,83240,6475
1400000US06077005308,102349,21409
1400000US06077005309,100682,18179
1400000US06077005310,101250,45717
1400000US06077005311,81250,22477
1400000US06077005312,135391,39744
1400000US06077005403,122398,21783
1400000US06077005405,80962,50918
1400000US06077005406,76771,23664
1400000US06077005502,197083,27113
1400000US06077005503,64657,12748
1400000US06077980000,-666666666,-222222222
1400000US06079010016,105933,19343
1400000US06079010017,96354,20555
1400000US06079010101,123750,15454
1400000US06079010103,52310,19356
1400000US06079010104,76324,18306
1400000US06079010202,95810,21432
1400000US06079010204,97054,23403
1400000US06079010205,99195,22168
1400000US06079010206,132024,22515
1400000US06079010207,92727,16944
1400000US06079010301,96588,34937
1400000US06079010302,157316,27037
1400000US06079010303,101120,18605
1400000US06079010403,103091,6441
1400000US06079010404,89299,8226
1400000US06079010504,87235,16412
1400000US06079010505,96020,3366
1400000US06079010506,142500,56995
1400000US06079010602,86597,6155
1400000US06079010603,88534,19270
1400000US06079010701,99615,12268
1400000US06079010703,91250,14490
1400000US06079010707,121028,7900
1400000US06079010902,48537,18350
1400000US06079010903,11599,4638
1400000US06079010904,-666666666,-222222222
1400000US06079011001,124938,23236
1400000US06079011002,81406,37614
1400000US06079011101,49916,21594
1400000US06079011103,62074,16717
1400000US06079011104,84559,6809
1400000US06079011105,103622,12222
1400000US06079011201,46888,15305
1400000US06079011202,62970,6982
1400000US06079011300,102059,20925
1400000US06079011400,-666666666,-222222222
1400000US06079011501,90673,19382
1400000US06079011505,117695,12639
1400000US06079011600,155281,50658
1400000US06079011704,114375,27185
1400000US06079011705,114375,38184
1400000US06079011706,134449,29111
1400000US06079011800,121667,12297
1400000US06079011901,85536,21239
1400000US06079011903,83478,37487
1400000US06079011904,77690,19643
1400000US06079012001,94643,39804
1400000US06079012002,75837,10021
1400000US06079012102,93864,28276
1400000US06079012201,78664,5830
1400000US06079012202,54508,19724
1400000US06079012302,130875,32184
1400000US06079012305,133942,28223
1400000US06079012306,125750,42702
1400000US06079012403,105377,16542
1400000US06079012404,112057,27021
1400000US06079012405,124107,32907
1400000US06079012406,118125,43046
1400000US06079012502,78333,23818
1400000US06079012503,75729,13944
1400000US06079012505,85735,15979
1400000US06079012601,126000,34176
1400000US06079012602,134417,21408
1400000US06079012705,98549,16303
1400000US06079012706,126277,18073
1400000US06079012707,131250,51816
1400000US06079012708,78179,46111
1400000US06079013000,82423,48226
1400000US06079013100,109631,19908
1400000US06079990000,-666666666,-222222222
1400000US06081600100,156310,39769
1400000US06081600200,144000,29813
1400000US06081600300,159853,59164
1400000US06081600401,157083,31001
1400000US06081600402,146161,26491
1400000US06081600501,134118,52457
1400000US06081600502,136182,3869
1400000US06081600600,100240,36465
1400000US06081600701,93077,46066
1400000US06081600702,119803,71609
1400000US06081600800,91042,21948
1400000US06081600900,153438,48545
1400000US06081601000,126406,30221
1400000US06081601100,161439,16807
1400000US06081601200,161293,23192
1400000US06081601301,82232,17554
1400000US06081601302,98417,30129
1400000US06081601400,118712,9919
1400000US06081601501,190081,33978
1400000US06081601502,101563,12608
1400000US06081601601,122672,14839
1400000US06081601603,108476,19718
1400000US06081601604,137727,26547
1400000US06081601605,142406,29043
1400000US06081601700,186974,27188
1400000US06081601800,143138,26668
1400000US06081601901,103472,19404
1400000US06081601902,125096,24119
1400000US06081602001,176389,15868
1400000US06081602002,162143,47344
1400000US06081602100,82679,24438
1400000US06081602201,92617,18124
1400000US06081602202,92191,20950
1400000US06081602300,146750,33111
1400000US06081602400,120699,36459
1400000US06081602500,161279,15964
1400000US06081602601,149044,44305
1400000US06081602602,170274,27202
1400000US06081602700,162458,21443
1400000US06081602800,189263,23654
1400000US06081602900,143287,24295
1400000US06081603000,146000,17590
1400000US06081603100,220250,65319
1400000US06081603200,163882,45532
1400000US06081603300,158819,28533
1400000US06081603400,124564,38309
1400000US06081603700,140670,27938
1400000US06081603801,100893,18584
1400000US06081603802,150054,33366
1400000US06081603900,127155,40899
1400000US06081604000,174850,55885
1400000US06081604102,100789,37643
1400000US06081604103,112439,36908
1400000US06081604104,130077,24368
1400000US06081604200,175882,34814
1400000US06081604400,133654,26982
1400000US06081604500,188750,48639
1400000US06081604600,192054,51160
1400000US06081604700,226667,39179
1400000US06081604800,158235,28521
1400000US06081604900,148421,30791
1400000US06081605000,222614,34217
1400000US06081605100,172054,63124
1400000US06081605200,218818,47526
1400000US06081605300,170598,36450
1400000US06081605400,166972,24195
1400000US06081605501,101450,27584
1400000US06081605502,205372,40963
1400000US06081605600,250001,-333333333
1400000US06081605700,250001,-333333333
1400000US06081605800,213667,92378
1400000US06081605901,149231,31283
1400000US06081605902,98299,21218
1400000US06081606000,108438,37617
1400000US06081606100,135972,29865
1400000US06081606201,87050,25812
1400000US06081606202,138250,43274
1400000US06081606300,156820,38260
1400000US06081606400,130521,62892
1400000US06081606500,211750,47276
1400000US06081606600,170313,48729
1400000US06081606700,184973,41923
1400000US06081606800,201563,42427
1400000US06081606900,250001,-333333333
1400000US06081607000,222768,78069
1400000US06081607100,250001,-333333333
1400000US06081607200,126314,18607
1400000US06081607300,243281,32725
1400000US06081607400,148194,38199
1400000US06081607500,233378,27503
1400000US06081607600,133295,31800
1400000US06081607701,160893,46920
1400000US06081607702,146607,35373
1400000US06081607800,186106,27017
1400000US06081607900,152610,17569
1400000US06081608001,192981,26957
1400000US06081608002,242826,33669
1400000US06081608013,180156,26200
1400000US06081608023,250001,-333333333
1400000US06081608024,204659,46918
1400000US06081608025,149896,27171
1400000US06081608100,209074,24519
1400000US06081608200,233094,73028
1400000US06081608300,196101,23148
1400000US06081608400,145089,36277
1400000US06081608501,177708,16293
1400000US06081608502,143826,18911
1400000US06081608600,146389,31626
1400000US06081608700,238466,35379
1400000US06081608800,250001,-333333333
1400000US06081608900,177895,33660
1400000US06081609000,203636,32325
1400000US06081609100,242750,127475
1400000US06081609201,165583,34715
1400000US06081609202,186333,49497
1400000US06081609300,250001,-333333333
1400000US06081609400,250001,-333333333
1400000US06081609500,250001,-333333333
1400000US06081609601,250001,-333333333
1400000US06081609602,250001,-333333333
1400000US06081609603,247422,38592
1400000US06081609700,250001,-333333333
1400000US06081609800,250001,-333333333
1400000US06081609900,250001,-333333333
1400000US06081610000,164852,40788
1400000US06081610100,128472,15572
1400000US06081610201,74988,19414
1400000US06081610202,185920,15053
1400000US06081610203,77604,18822
1400000US06081610302,142212,25912
1400000US06081610303,222107,28953
1400000US06081610304,200426,26752
1400000US06081610400,120453,17993
1400000US06081610500,86862,28095
1400000US06081610601,98167,26121
1400000US06081610602,157250,42381
1400000US06081610700,146476,26879
1400000US06081610800,105293,18201
1400000US06081610901,142793,59294
1400000US06081610902,134814,43410
1400000US06081611000,140426,12062
1400000US06081611100,185875,72591
1400000US06081611200,233097,36033
1400000US06081611300,229612,32292
1400000US06081611400,250001,-333333333
1400000US06081611500,250001,-333333333
1400000US06081611600,250001,-333333333
1400000US06081611700,158333,47244
1400000US06081611800,137740,15139
1400000US06081611901,121392,31738
1400000US06081611902,132863,59503
1400000US06081612001,130741,19553
1400000US06081612002,76047,15366
1400000US06081612101,123472,36036
1400000US06081612102,71769,15960
1400000US06081612500,165521,41872
1400000US06081612600,166685,64949
1400000US06081612700,250001,-333333333
1400000US06081612800,250001,-333333333
1400000US06081612900,250001,-333333333
1400000US06081613000,250001,-333333333
1400000US06081613200,250001,-333333333
1400000US06081613300,250001,-333333333
1400000US06081613400,250001,-333333333
1400000US06081613501,172869,34451
1400000US06081613502,177083,86381
1400000US06081613600,163250,25925
1400000US06081613701,160417,47482
1400000US06081613702,112609,27642
1400000US06081613800,222881,71488
1400000US06081613900,238953,42432
1400000US06081614000,212067,22438
1400000US06081984300,-666666666,-222222222
1400000US06081990100,-666666666,-222222222
1400000US06083000101,90375,30835
1400000US06083000102,134896,34267
1400000US06083000103,223036,74627
1400000US06083000201,100673,59006
1400000US06083000202,104653,31329
1400000US06083000301,100288,24774
1400000US06083000302,99413,12465
1400000US06083000400,150179,25862
1400000US06083000501,221250,35065
1400000US06083000502,153031,34499
1400000US06083000600,164367,12181
1400000US06083000700,141453,38734
1400000US06083000801,106274,11145
1400000US06083000805,147732,18001
1400000US06083000806,70458,31403
1400000US06083000900,55532,7473
1400000US06083001001,79444,54081
1400000US06083001002,78413,7711
1400000US06083001101,111853,21907
1400000US06083001102,71058,26348
1400000US06083001203,120294,44126
1400000US06083001206,85787,25160
1400000US06083001208,127500,40780
1400000US06083001306,163125,52086
1400000US06083001307,119750,45847
1400000US06083001308,157109,28467
1400000US06083001403,163490,34517
1400000US06083001404,214457,25243
1400000US06083001500,246607,37727
1400000US06083001601,120050,20565
1400000US06083001604,114080,40286
1400000US06083001704,91013,13092
1400000US06083001706,118583,22872
1400000US06083001800,65938,20087
1400000US06083001905,144655,30974
1400000US06083001907,70417,38191
1400000US06083001908,111023,15583
1400000US06083001909,116827,19584
1400000US06083001910,117875,27695
1400000US06083001911,78951,24723
1400000US06083001912,99936,26790
1400000US06083002005,92361,23690
1400000US06083002006,135375,32432
1400000US06083002008,118417,24104
1400000US06083002009,82220,41463
1400000US06083002010,98323,18932
1400000US06083002011,103185,14387
1400000US06083002012,121563,17645
1400000US06083002013,92692,20226
1400000US06083002014,129107,52596
1400000US06083002015,84960,24098
1400000US06083002101,86351,20435
1400000US06083002102,82560,10856
1400000US06083002103,63939,10797
1400000US06083002205,61175,17838
1400000US06083002206,64444,15033
1400000US06083002209,70700,41009
1400000US06083002210,105725,7172
1400000US06083002211,102589,12649
1400000US06083002303,84643,32841
1400000US06083002304,57792,8113
1400000US06083002307,110389,6783
1400000US06083002308,95559,25710
1400000US06083002309,105327,31369
1400000US06083002310,105729,17754
1400000US06083002405,61141,24729
1400000US06083002406,57537,13998
1400000US06083002407,45676,6992
1400000US06083002408,65667,4582
1400000US06083002409,105078,25832
1400000US06083002410,69375,12972
1400000US06083002503,70054,15023
1400000US06083002504,66841,15443
1400000US06083002703,72500,12615
1400000US06083002705,42179,10315
1400000US06083002706,48458,10606
1400000US06083002707,59814,21508
1400000US06083002708,91528,33635
1400000US06083002709,53365,14805
1400000US06083002710,67335,12589
1400000US06083002802,95316,17244
1400000US06083002806,100326,17926
1400000US06083002808,110904,14463
1400000US06083002809,126761,12748
1400000US06083002906,148816,23841
1400000US06083002907,194896,33787
1400000US06083002909,142250,21047
1400000US06083002913,126375,34904
1400000US06083002914,134531,28483
1400000US06083002924,25167,12624
1400000US06083002926,22722,7881
1400000US06083002932,120250,15924
1400000US06083002933,125814,19923
1400000US06083002934,135694,42086
1400000US06083002935,101278,16539
1400000US06083002936,45867,17929
1400000US06083002937,104688,28919
1400000US06083003001,93284,11842
1400000US06083003004,139063,27087
1400000US06083003005,120086,27840
1400000US06083003007,147939,32748
1400000US06083003102,109107,29490
1400000US06083980000,-666666666,-222222222
1400000US06083980100,-666666666,-222222222
1400000US06083980200,83929,12644
1400000US06083980300,-666666666,-222222222
1400000US06083980400,128333,6959
1400000US06083980500,-666666666,-222222222
1400000US06083990000,-666666666,-222222222
1400000US06085500100,163061,30827
1400000US06085500200,115541,44173
1400000US06085500300,107431,66439
1400000US06085500400,152973,24464
1400000US06085500500,166514,25931
1400000US06085500600,140045,22234
1400000US06085500800,151357,32085
1400000US06085500901,72112,22400
1400000US06085500902,42955,16969
1400000US06085501000,58775,28326
1400000US06085501101,105138,25063
1400000US06085501102,144609,35290
1400000US06085501200,108913,35818
1400000US06085501300,145260,28999
1400000US06085501401,80216,20111
1400000US06085501402,94491,30045
1400000US06085501501,81859,27213
1400000US06085501502,111089,35038
1400000US06085501601,120770,13290
1400000US06085501602,58466,29217
1400000US06085501700,94736,19839
1400000US06085501800,142235,52376
1400000US06085501901,147727,26987
1400000US06085501902,151140,34271
1400000US06085502001,94794,25205
1400000US06085502002,117969,16943
1400000US06085502101,144038,43630
1400000US06085502103,91591,10359
1400000US06085502104,102105,37309
1400000US06085502202,113958,18884
1400000US06085502203,125750,37959
1400000US06085502204,68508,19532
1400000US06085502301,177692,21187
1400000US06085502302,127175,10037
1400000US06085502400,222311,42598
1400000US06085502500,225694,38157
1400000US06085502601,193125,77146
1400000US06085502603,206125,78068
1400000US06085502604,110581,15121
1400000US06085502701,133658,20593
1400000US06085502703,145541,14233
1400000US06085502704,183214,33326
1400000US06085502800,185962,28996
1400000US06085502901,135846,63878
1400000US06085502902,207614,48402
1400000US06085502903,250001,-333333333
1400000US06085502906,126438,18871
1400000US06085502907,213056,34497
1400000US06085502908,166382,50323
1400000US06085502909,101607,39179
1400000US06085502910,110091,13944
1400000US06085503001,148750,27908
1400000US06085503002,139863,53033
1400000US06085503003,207000,25613
1400000US06085503105,61838,41270
1400000US06085503110,77353,23712
1400000US06085503111,133628,11553
1400000US06085503112,76156,21675
1400000US06085503113,95625,22870
1400000US06085503116,109509,33031
1400000US06085503117,79205,30625
1400000US06085503118,98527,23327
1400000US06085503121,92607,19210
1400000US06085503122,46371,18469
1400000US06085503123,65525,10632
1400000US06085503124,124229,26363
1400000US06085503125,160833,60582
1400000US06085503126,178929,37963
1400000US06085503127,191908,37936
1400000US06085503207,145278,56946
1400000US06085503208,163558,47302
1400000US06085503210,120729,34231
1400000US06085503211,104677,36947
1400000US06085503212,128750,32031
1400000US06085503213,72174,11242
1400000US06085503217,81786,23503
1400000US06085503218,53036,32079
1400000US06085503219,60451,8291
1400000US06085503220,96705,19644
1400000US06085503221,49323,39141
1400000US06085503222,122526,44497
1400000US06085503304,101039,29021
1400000US06085503305,103000,15018
1400000US06085503306,119091,34711
1400000US06085503312,176607,48228
1400000US06085503313,250001,-333333333
1400000US06085503315,152083,29683
1400000US06085503321,152238,32891
1400000US06085503322,151250,24162
1400000US06085503323,169484,12131
1400000US06085503324,170399,19621
1400000US06085503325,145991,48771
1400000US06085503326,235673,54903
1400000US06085503327,172381,80508
1400000US06085503329,217369,34314
1400000US06085503330,250001,-333333333
1400000US06085503331,126324,42705
1400000US06085503332,132969,36003
1400000US06085503333,213003,21445
1400000US06085503336,190000,29348
1400000US06085503337,159904,37009
1400000US06085503338,250001,-333333333
1400000US06085503339,250001,-333333333
1400000US06085503401,111576,32900
1400000US06085503402,79306,52561
1400000US06085503504,139180,41474
1400000US06085503506,101146,20254
1400000US06085503507,168716,18616
1400000US06085503508,125469,17658
1400000US06085503509,151786,23767
1400000US06085503510,135926,22096
1400000US06085503511,125972,27045
1400000US06085503601,98021,23336
1400000US06085503602,98611,24225
1400000US06085503703,105455,23171
1400000US06085503707,109000,43994
1400000US06085503708,103446,9118
1400000US06085503709,78089,16725
1400000US06085503710,43125,19894
1400000US06085503711,109167,26053
1400000US06085503712,50612,17257
1400000US06085503713,68636,20195
1400000US06085503802,114023,15619
1400000US06085503803,190855,35272
1400000US06085503804,141289,35414
1400000US06085503902,121083,25285
1400000US06085503903,131806,45300
1400000US06085504001,87364,22045
1400000US06085504002,92091,25666
1400000US06085504101,144167,54113
1400000US06085504102,156450,24487
1400000US06085504201,197750,19871
1400000US06085504202,229028,56350
1400000US06085504307,154801,19537
1400000US06085504308,212941,59033
1400000US06085504311,173106,44107
1400000US06085504314,210357,48861
1400000US06085504315,182784,25695
1400000US06085504316,192188,17907
1400000US06085504317,180859,36312
1400000US06085504318,106535,19145
1400000US06085504319,227279,30963
1400000US06085504320,183571,34266
1400000US06085504321,189867,25384
1400000US06085504322,167583,32493
1400000US06085504323,161552,22090
1400000US06085504410,153523,16886
1400000US06085504411,166354,36032
1400000US06085504412,149659,19250
1400000US06085504413,155982,76079
1400000US06085504414,165761,47781
1400000US06085504415,213654,13097
1400000US06085504416,190981,20414
1400000US06085504418,116310,27365
1400000US06085504421,172500,60102
1400000US06085504422,141111,34658
1400000US06085504423,181250,53061
1400000US06085504424,153333,38143
1400000US06085504505,229572,27719
1400000US06085504506,164879,35502
1400000US06085504507,163724,26553
1400000US06085504508,186083,16802
1400000US06085504509,181165,20395
1400000US06085504510,159186,25009
1400000US06085504601,74250,50187
1400000US06085504602,121953,40288
1400000US06085504700,194917,74772
1400000US06085504802,116525,12007
1400000US06085504805,149207,27749
1400000US06085504806,158750,38067
1400000US06085504807,230829,39908
1400000US06085504808,117054,39866
1400000US06085504902,196797,53814
1400000US06085504903,226711,45064
1400000US06085505006,240086,28171
1400000US06085505007,164115,17828
1400000US06085505010,202663,45788
1400000US06085505011,156446,50371
1400000US06085505012,218750,28580
1400000US06085505013,215775,38120
1400000US06085505014,159833,26714
1400000US06085505015,167422,42709
1400000US06085505100,115395,39168
1400000US06085505202,164928,45800
1400000US06085505203,139028,19899
1400000US06085505301,200781,29070
1400000US06085505302,213365,28538
1400000US06085505303,124491,36776
1400000US06085505304,226731,16939
1400000US06085505305,205550,47847
1400000US06085505401,162000,38797
1400000US06085505402,167457,53830
1400000US06085505403,182500,28609
1400000US06085505500,171855,27704
1400000US06085505600,140263,42205
1400000US06085505700,125740,39350
1400000US06085505800,169722,56210
1400000US06085505901,182763,49462
1400000US06085505902,107079,30499
1400000US06085506000,197202,19857
1400000US06085506101,190750,47023
1400000US06085506102,189439,24735
1400000US06085506103,231563,52209
1400000US06085506202,189032,21667
1400000US06085506203,142791,30083
1400000US06085506204,200288,52959
1400000US06085506301,138411,31629
1400000US06085506302,182908,23880
1400000US06085506304,113893,28407
1400000US06085506305,96150,15164
1400000US06085506401,172134,43795
1400000US06085506402,121413,30365
1400000US06085506502,143500,36503
1400000US06085506503,111225,21279
1400000US06085506504,104787,13383
1400000US06085506505,115833,32354
1400000US06085506601,133194,29480
1400000US06085506603,250001,-333333333
1400000US06085506604,191843,41428
1400000US06085506605,139265,12546
1400000US06085506606,133700,35817
1400000US06085506701,228173,57989
1400000US06085506702,122050,27964
1400000US06085506703,154149,27081
1400000US06085506801,250001,-333333333
1400000US06085506802,202796,16076
1400000US06085506803,194219,63823
1400000US06085506804,221071,61244
1400000US06085506900,222166,19847
1400000US06085507002,250001,-333333333
1400000US06085507003,250001,-333333333
1400000US06085507004,175347,44701
1400000US06085507100,159821,59671
1400000US06085507203,224464,68586
1400000US06085507205,244521,19302
1400000US06085507206,250001,-333333333
1400000US06085507301,244207,10397
1400000US06085507302,250001,-333333333
1400000US06085507401,244046,25187
1400000US06085507402,243720,37995
1400000US06085507500,214375,69765
1400000US06085507600,250001,-333333333
1400000US06085507701,234886,23588
1400000US06085507702,250001,-333333333
1400000US06085507704,157014,42710
1400000US06085507705,250001,-333333333
1400000US06085507805,201939,36435
1400000US06085507806,200887,10045
1400000US06085507807,250001,-333333333
1400000US06085507808,250001,-333333333
1400000US06085507903,223571,47896
1400000US06085507904,250001,-333333333
1400000US06085507905,141429,53785
1400000US06085507906,250001,-333333333
1400000US06085508003,198500,44363
1400000US06085508004,250001,-333333333
1400000US06085508005,206389,45763
1400000US06085508006,240833,86420
1400000US06085508101,250001,-333333333
1400000US06085508102,216094,17396
1400000US06085508203,250001,-333333333
1400000US06085508204,250001,-333333333
1400000US06085508205,213981,26002
1400000US06085508206,250001,-333333333
1400000US06085508301,250001,-333333333
1400000US06085508303,219081,27775
1400000US06085508305,121145,21327
1400000US06085508306,250001,-333333333
1400000US06085508401,198816,54816
1400000US06085508403,250001,-333333333
1400000US06085508404,213393,49381
1400000US06085508503,167763,25225
1400000US06085508505,205625,42289
1400000US06085508507,174267,55760
1400000US06085508508,133065,25923
1400000US06085508509,161270,32436
1400000US06085508510,174167,50628
1400000US06085508601,195804,30580
1400000US06085508602,180959,33155
1400000US06085508705,189571,17171
1400000US06085508706,216210,18038
1400000US06085508707,173165,23150
1400000US06085508708,250001,-333333333
1400000US06085508800,143333,19740
1400000US06085508900,156726,39724
1400000US06085509001,162981,47228
1400000US06085509002,175625,54697
1400000US06085509102,229505,37775
1400000US06085509106,159951,32239
1400000US06085509107,143611,46724
1400000US06085509108,219063,50674
1400000US06085509109,250001,-333333333
1400000US06085509110,192045,50662
1400000US06085509111,135398,61003
1400000US06085509201,182611,34820
1400000US06085509202,228462,20208
1400000US06085509302,169896,59414
1400000US06085509303,175288,65248
1400000US06085509304,207381,63213
1400000US06085509401,149258,23853
1400000US06085509403,177847,44421
1400000US06085509404,203864,11790
1400000US06085509500,178892,30144
1400000US06085509600,188676,26402
1400000US06085509700,209607,41246
1400000US06085509801,167957,22905
1400000US06085509802,220694,59601
1400000US06085509901,250001,-333333333
1400000US06085509902,222955,74817
1400000US06085510001,250001,-333333333
1400000US06085510002,250001,-333333333
1400000US06085510100,250001,-333333333
1400000US06085510200,250001,-333333333
1400000US06085510300,250001,-333333333
1400000US06085510400,250001,-333333333
1400000US06085510500,250001,-333333333
1400000US06085510600,198068,49987
1400000US06085510700,182266,75784
1400000US06085510801,250001,-333333333
1400000US06085510802,250001,-333333333
1400000US06085510803,250001,-333333333
1400000US06085510900,183536,40044
1400000US06085511000,250001,-333333333
1400000US06085511100,250001,-333333333
1400000US06085511200,250001,-333333333
1400000US06085511301,238750,23261
1400000US06085511302,139167,69004
1400000US06085511400,250001,-333333333
1400000US06085511501,173470,30174
1400000US06085511502,250001,-333333333
1400000US06085511608,42824,9476
1400000US06085511609,148365,22884
1400000US06085511701,250001,-333333333
1400000US06085511702,250001,-333333333
1400000US06085511704,250001,-333333333
1400000US06085511705,250001,-333333333
1400000US06085511707,203068,57659
1400000US06085511800,196786,67976
1400000US06085511905,250001,-333333333
1400000US06085511907,250001,-333333333
1400000US06085511910,250001,-333333333
1400000US06085511911,167639,37271
1400000US06085511912,232214,23790
1400000US06085511913,250001,-333333333
1400000US06085511914,250001,-333333333
1400000US06085511915,81458,34279
1400000US06085511916,191735,40485
1400000US06085511917,250001,-333333333
1400000US06085511918,250001,-333333333
1400000US06085512001,205750,12816
1400000US06085512005,198012,20073
1400000US06085512019,122813,24144
1400000US06085512021,148548,23368
1400000US06085512022,94495,5842
1400000US06085512023,106684,21561
1400000US06085512024,136168,19481
1400000US06085512025,220962,35753
1400000US06085512026,160156,23519
1400000US06085512027,106406,29837
1400000US06085512029,180725,37877
1400000US06085512030,181326,23885
1400000US06085512031,196727,38987
1400000US06085512032,173750,20333
1400000US06085512034,157569,31906
1400000US06085512035,198632,30895
1400000US06085512036,138841,21276
1400000US06085512037,184333,11347
1400000US06085512038,101308,38847
1400000US06085512039,134158,34952
1400000US06085512042,111875,29698
1400000US06085512043,81984,14173
1400000US06085512045,181528,40866
1400000US06085512047,180909,22691
1400000US06085512052,132699,16975
1400000US06085512053,117292,33712
1400000US06085512054,105292,24565
1400000US06085512055,124398,18542
1400000US06085512056,123674,10719
1400000US06085512057,176016,48251
1400000US06085512058,138750,21621
1400000US06085512059,176250,28962
1400000US06085512100,121563,52336
1400000US06085512200,250001,-333333333
1400000US06085512305,247321,33141
1400000US06085512307,148064,28608
1400000US06085512308,248750,50228
1400000US06085512309,210212,34535
1400000US06085512310,100506,25214
1400000US06085512311,139074,40667
1400000US06085512312,206208,45867
1400000US06085512313,107198,20229
1400000US06085512314,152349,34213
1400000US06085512401,197540,54261
1400000US06085512402,148833,42931
1400000US06085512505,99742,37632
1400000US06085512509,184500,63441
1400000US06085512510,117083,24676
1400000US06085512511,124625,55712
1400000US06085512512,101793,23297
1400000US06085512513,84934,33864
1400000US06085512514,111250,41742
1400000US06085512515,176250,14824
1400000US06085512516,159137,23416
1400000US06085512602,140556,34831
1400000US06085512603,90139,20679
1400000US06085512604,83946,14326
1400000US06085513000,53696,3765
1400000US06085513500,102750,35695
1400000US06087100100,155729,16465
1400000US06087100200,125481,21098
1400000US06087100300,144146,30689
1400000US06087100400,52222,34398
1400000US06087100500,117253,22322
1400000US06087100600,126065,19194
1400000US06087100700,48365,8052
1400000US06087100801,92847,44222
1400000US06087100802,158936,29883
1400000US06087100900,121250,30186
1400000US06087101001,93295,26586
1400000US06087101002,75233,44003
1400000US06087101100,125880,20323
1400000US06087101200,105375,42513
1400000US06087110101,109493,8542
1400000US06087110102,75521,25769
1400000US06087110201,84931,31565
1400000US06087110202,61496,10353
1400000US06087110301,47391,24261
1400000US06087110302,53438,17892
1400000US06087110401,71078,15929
1400000US06087110402,93768,7238
1400000US06087110503,75800,12714
1400000US06087110504,94263,15045
1400000US06087110505,92250,14283
1400000US06087110506,100388,23341
1400000US06087110601,66136,16807
1400000US06087110602,72117,29435
1400000US06087110700,92619,33273
1400000US06087120200,133750,39554
1400000US06087120301,104205,12497
1400000US06087120302,119464,39861
1400000US06087120400,98304,25297
1400000US06087120500,153854,38262
1400000US06087120600,142167,43155
1400000US06087120700,127650,17601
1400000US06087120800,160592,55510
1400000US06087120901,131806,36825
1400000US06087120902,119500,43072
1400000US06087121000,149953,51568
1400000US06087121100,114617,16454
1400000US06087121200,174408,51339
1400000US06087121300,143068,43238
1400000US06087121401,96829,11458
1400000US06087121402,98388,26959
1400000US06087121403,87917,28323
1400000US06087121501,108158,33754
1400000US06087121502,87737,14553
1400000US06087121601,124489,30351
1400000US06087121602,98650,35743
1400000US06087121701,113649,15346
1400000US06087121702,121231,20163
1400000US06087121801,99769,23719
1400000US06087121802,95525,14740
1400000US06087122001,132829,24162
1400000US06087122002,156569,22512
1400000US06087122004,140169,50886
1400000US06087122005,118274,32116
1400000US06087122100,130385,22672
1400000US06087122202,178606,34054
1400000US06087122203,132838,43503
1400000US06087122204,129886,23581
1400000US06087122205,182050,36525
1400000US06087122300,103929,42730
1400000US06087122401,132578,52734
1400000US06087122402,158343,18069
1400000US06087122500,115175,33658
1400000US06087123100,108833,24953
1400000US06087123300,140250,40650
1400000US06087990100,-666666666,-222222222
1400000US06089010100,25744,7300
1400000US06089010200,58623,8971
1400000US06089010300,67310,8670
1400000US06089010400,72014,28173
1400000US06089010500,52662,15059
1400000US06089010601,117337,17441
1400000US06089010602,87307,10751
1400000US06089010603,115991,20793
1400000US06089010702,97790,30251
1400000US06089010703,58255,12631
1400000US06089010704,61755,14117
1400000US06089010803,65893,11207
1400000US06089010804,87386,17309
1400000US06089010805,98829,9095
1400000US06089010806,61026,6373
1400000US06089010807,87604,21394
1400000US06089010900,71344,5590
1400000US06089011001,120208,15904
1400000US06089011002,67598,12167
1400000US06089011100,84127,13468
1400000US06089011209,46380,6093
1400000US06089011300,82604,34597
1400000US06089011401,100508,16139
1400000US06089011402,110046,24806
1400000US06089011403,88264,18371
1400000US06089011501,84531,31901
1400000US06089011502,70078,23077
1400000US06089011600,75348,17844
1400000US06089011701,99333,28200
1400000US06089011702,61131,13443
1400000US06089011703,75174,24457
1400000US06089011801,91468,4711
1400000US06089011802,89792,40065
1400000US06089011803,68275,16681
1400000US06089011900,128500,16173
1400000US06089012000,48106,10130
1400000US06089012101,66379,16086
1400000US06089012102,35164,11968
1400000US06089012200,87152,14631
1400000US06089012301,63688,26153
1400000US06089012302,94223,21182
1400000US06089012303,97941,15199
1400000US06089012400,100865,16070
1400000US06089012500,67250,8298
1400000US06089012603,66200,15513
1400000US06089012604,72350,9031
1400000US06089012605,99583,14245
1400000US06089012606,65909,15139
1400000US06089012701,53800,8036
1400000US06089012702,72313,20760
1400000US06091010000,63355,21034
1400000US06093000100,48375,6997
1400000US06093000200,47429,3545
1400000US06093000300,59063,5963
1400000US06093000600,68147,10143
1400000US06093000701,78088,18151
1400000US06093000702,33839,12837
1400000US06093000703,62133,10197
1400000US06093000800,68438,7896
1400000US06093000901,58047,18685
1400000US06093000902,77813,6514
1400000US06093001001,80417,10329
1400000US06093001002,61771,12729
1400000US06093001003,54846,9437
1400000US06093001100,46445,7584
1400000US06093001200,49926,10061
1400000US06093001300,50347,9102
1400000US06095250103,98000,36781
1400000US06095250104,96447,16119
1400000US06095250105,117159,29839
1400000US06095250106,160313,18551
1400000US06095250200,75986,11246
1400000US06095250300,83043,16237
1400000US06095250400,91161,10221
1400000US06095250501,101582,28115
1400000US06095250502,107000,25615
1400000US06095250601,93607,13765
1400000US06095250604,133481,22945
1400000US06095250605,132647,55606
1400000US06095250701,59474,16695
1400000US06095250801,113933,13263
1400000US06095250900,48300,11081
1400000US06095251000,57354,23655
1400000US06095251100,61250,42454
1400000US06095251200,87050,27136
1400000US06095251300,118983,21030
1400000US06095251400,77538,19340
1400000US06095251500,57924,19191
1400000US06095251600,53466,16566
1400000US06095251701,55337,8798
1400000US06095251702,92708,19417
1400000US06095251802,48883,2923
1400000US06095251803,96694,25626
1400000US06095251804,116429,22419
1400000US06095251901,92992,28347
1400000US06095251902,97800,8032
1400000US06095251903,91052,4469
1400000US06095252000,91812,22527
1400000US06095252102,92488,39749
1400000US06095252103,75655,16258
1400000US06095252104,173950,40211
1400000US06095252105,136736,18350
1400000US06095252106,118411,23854
1400000US06095252107,96406,28872
1400000US06095252108,163889,46910
1400000US06095252203,165078,22226
1400000US06095252204,199821,20711
1400000US06095252205,165283,19151
1400000US06095252206,133804,48219
1400000US06095252305,117721,29254
1400000US06095252306,119710,22479
1400000US06095252310,154107,48991
1400000US06095252311,145610,22924
1400000US06095252312,89464,24719
1400000US06095252313,92143,24259
1400000US06095252314,92708,24126
1400000US06095252315,109522,33451
1400000US06095252316,98393,35326
1400000US06095252317,147491,13962
1400000US06095252401,77150,10676
1400000US06095252402,77679,14238
1400000US06095252501,56574,14218
1400000US06095252502,80000,12074
1400000US06095252604,87823,25348
1400000US06095252605,69615,11164
1400000US06095252606,48868,13260
1400000US06095252607,57938,8410
1400000US06095252608,91401,8427
1400000US06095252610,82500,20599
1400000US06095252611,94773,33402
1400000US06095252702,65833,17238
1400000US06095252703,91490,10807
1400000US06095252704,84063,16414
1400000US06095252705,115547,15674
1400000US06095252706,128833,19354
1400000US06095252707,88250,21664
1400000US06095252801,82759,9502
1400000US06095252802,93393,10030
1400000US06095252903,127188,55574
1400000US06095252904,113822,18104
1400000US06095252908,98889,14481
1400000US06095252909,158519,8132
1400000US06095252910,136181,16349
1400000US06095252911,62285,14374
1400000US06095252912,167241,42822
1400000US06095252913,111600,22532
1400000US06095252914,114444,26815
1400000US06095252915,185150,17684
1400000US06095253000,-666666666,-222222222
1400000US06095253101,106958,17855
1400000US06095253105,83563,18669
1400000US06095253106,92159,13198
1400000US06095253107,78867,8757
1400000US06095253108,95840,5637
1400000US06095253201,135313,24832
1400000US06095253203,84917,18964
1400000US06095253205,106667,49805
1400000US06095253206,162284,15827
1400000US06095253207,117813,54539
1400000US06095253208,112500,32352
1400000US06095253300,103131,21088
1400000US06095253402,101196,18093
1400000US06095253403,104272,12829
1400000US06095253404,103060,14623
1400000US06095253501,81923,12202
1400000US06095253502,99000,20753
1400000US06095980000,-666666666,-222222222
1400000US06097150100,123177,23646
1400000US06097150203,89859,21131
1400000US06097150204,128049,33308
1400000US06097150205,106053,7809
1400000US06097150206,97727,22553
1400000US06097150303,121451,18373
1400000US06097150304,120746,35368
1400000US06097150305,76364,14399
1400000US06097150306,122353,21105
1400000US06097150501,165996,53099
1400000US06097150502,114688,19949
1400000US06097150601,108134,9227
1400000US06097150602,112415,15171
1400000US06097150603,85858,13242
1400000US06097150607,149250,11753
1400000US06097150609,103750,26453
1400000US06097150610,143324,10027
1400000US06097150611,130350,17870
1400000US06097150612,135240,33543
1400000US06097150701,119219,15397
1400000US06097150702,140729,28369
1400000US06097150800,109737,37280
1400000US06097150901,110078,34085
1400000US06097150902,118300,17700
1400000US06097151000,102104,37585
1400000US06097151100,127713,9839
1400000US06097151203,111017,21744
1400000US06097151204,89886,27321
1400000US06097151205,99594,8574
1400000US06097151206,70409,24077
1400000US06097151301,85117,8468
1400000US06097151305,86406,24214
1400000US06097151306,89511,18176
1400000US06097151307,135380,34491
1400000US06097151308,111822,7723
1400000US06097151309,112446,16487
1400000US06097151310,98094,16574
1400000US06097151311,113125,29995
1400000US06097151403,98571,10696
1400000US06097151404,85556,18575
1400000US06097151405,68070,9584
1400000US06097151406,74875,11454
1400000US06097151503,176406,30311
1400000US06097151504,147404,26596
1400000US06097151505,178500,31593
1400000US06097151506,90180,14786
1400000US06097151601,82292,18870
1400000US06097151602,121447,23292
1400000US06097151701,98693,27996
1400000US06097151702,102141,19203
1400000US06097151800,138117,11615
1400000US06097151900,76034,12883
1400000US06097152000,76458,12191
1400000US06097152100,103650,25306
1400000US06097152201,92444,7813
1400000US06097152203,76168,9863
1400000US06097152204,92744,13941
1400000US06097152205,143817,22302
1400000US06097152300,166650,29419
1400000US06097152401,198860,67340
1400000US06097152402,127569,32780
1400000US06097152501,131855,18251
1400000US06097152502,89600,29761
1400000US06097152601,158971,37808
1400000US06097152602,87969,39588
1400000US06097152701,90000,15036
1400000US06097152702,113772,24962
1400000US06097152801,100139,18257
1400000US06097152803,80893,13548
1400000US06097152804,60531,10866
1400000US06097152903,82351,19825
1400000US06097152904,131688,18648
1400000US06097152905,107625,19096
1400000US06097152906,132132,41351
1400000US06097153001,82396,37732
1400000US06097153002,88413,18417
1400000US06097153003,70117,11426
1400000US06097153005,99646,17284
1400000US06097153006,99272,19703
1400000US06097153102,75000,9587
1400000US06097153103,69596,12499
1400000US06097153104,73373,15509
1400000US06097153201,116694,27386
1400000US06097153202,81719,32376
1400000US06097153301,97375,12675
1400000US06097153302,98365,34332
1400000US06097153403,93250,23235
1400000US06097153404,89881,45745
1400000US06097153405,99737,26377
1400000US06097153406,98750,14831
1400000US06097153501,110115,12793
1400000US06097153502,161458,39684
1400000US06097153601,101049,18386
1400000US06097153602,184219,69045
1400000US06097153705,120938,29568
1400000US06097153707,86964,29810
1400000US06097153708,71549,7967
1400000US06097153709,105304,16580
1400000US06097153710,86944,26380
1400000US06097153711,94800,54271
1400000US06097153712,101402,34954
1400000US06097153804,165109,20012
1400000US06097153806,115884,18916
1400000US06097153807,144063,38148
1400000US06097153808,75798,21058
1400000US06097153809,132500,41077
1400000US06097153810,147986,28582
1400000US06097153811,151182,37437
1400000US06097153902,95833,27836
1400000US06097153903,106014,15798
1400000US06097153904,98824,23801
1400000US06097153905,121436,31169
1400000US06097154000,125208,25807
1400000US06097154100,127794,16910
1400000US06097154201,88281,37396
1400000US06097154202,120240,18885
1400000US06097154304,67245,9381
1400000US06097154305,182500,43064
1400000US06097154306,116167,73855
1400000US06097154307,120417,26891
1400000US06097154308,130667,52342
1400000US06097990100,-666666666,-222222222
1400000US06099000101,99635,14423
1400000US06099000102,112632,18743
1400000US06099000201,88306,31764
1400000US06099000202,90058,20909
1400000US06099000204,82538,18115
1400000US06099000205,70288,32352
1400000US06099000301,50938,19703
1400000US06099000302,75486,26090
1400000US06099000303,73480,17011
1400000US06099000304,80461,18506
1400000US06099000403,106250,51810
1400000US06099000404,68194,12353
1400000US06099000405,59779,26269
1400000US06099000406,153125,11152
1400000US06099000407,147128,38464
1400000US06099000501,118147,26088
1400000US06099000503,82238,20799
1400000US06099000505,86853,14852
1400000US06099000506,74840,9721
1400000US06099000511,131352,27682
1400000US06099000512,139375,37657
1400000US06099000513,105556,21364
1400000US06099000514,71787,13645
1400000US06099000601,85441,13891
1400000US06099000602,97670,14237
1400000US06099000801,92845,22636
1400000US06099000803,50720,12417
1400000US06099000805,79856,15907
1400000US06099000806,80799,15106
1400000US06099000807,66351,6159
1400000US06099000905,95109,13362
1400000US06099000906,73088,11520
1400000US06099000907,82125,13958
1400000US06099000908,78312,14459
1400000US06099000909,81988,11692
1400000US06099000910,59193,9207
1400000US06099000911,94125,12264
1400000US06099000913,125078,21833
1400000US06099000914,135815,42186
1400000US06099000915,119886,21991
1400000US06099001001,69350,14725
1400000US06099001002,82647,34397
1400000US06099001100,69896,22186
1400000US06099001200,77321,14035
1400000US06099001300,81941,12732
1400000US06099001400,64036,12956
1400000US06099001500,63750,16817
1400000US06099001601,58375,11176
1400000US06099001603,65859,11450
1400000US06099001604,37578,15299
1400000US06099001700,48074,14848
1400000US06099001800,38818,14229
1400000US06099001900,89712,27830
1400000US06099002002,56503,15918
1400000US06099002004,66190,18089
1400000US06099002005,94299,23513
1400000US06099002006,101477,27812
1400000US06099002100,55250,37808
1400000US06099002200,53101,10416
1400000US06099002302,49094,21055
1400000US06099002303,70921,9730
1400000US06099002304,45739,13616
1400000US06099002401,89479,22207
1400000US06099002402,65316,23881
1400000US06099002503,68712,20920
1400000US06099002504,81375,26769
1400000US06099002505,102788,28741
1400000US06099002506,61736,36546
1400000US06099002602,72415,12377
1400000US06099002603,94271,21584
1400000US06099002604,61788,16633
1400000US06099002605,69766,23336
1400000US06099002701,90889,19035
1400000US06099002702,66099,10526
1400000US06099002801,79734,35236
1400000US06099002802,76645,23070
1400000US06099002803,91250,33250
1400000US06099002901,96071,15821
1400000US06099002903,85096,21225
1400000US06099002904,103714,16284
1400000US06099003002,68480,13042
1400000US06099003003,108039,33134
1400000US06099003004,82000,39095
1400000US06099003100,60000,8324
1400000US06099003201,75500,14006
1400000US06099003203,103995,18644
1400000US06099003204,79056,9622
1400000US06099003205,106250,21538
1400000US06099003206,106716,25817
1400000US06099003300,92554,9675
1400000US06099003400,73333,24570
1400000US06099003501,79618,38820
1400000US06099003502,79618,13691
1400000US06099003603,65417,26918
1400000US06099003607,111667,42423
1400000US06099003608,105735,17722
1400000US06099003609,97274,6178
1400000US06099003610,80451,16300
1400000US06099003611,131426,21547
1400000US06099003612,117844,25462
1400000US06099003700,84167,23625
1400000US06099003802,57788,16366
1400000US06099003803,87227,7002
1400000US06099003804,64827,13394
1400000US06099003805,97986,8871
1400000US06099003904,77344,18379
1400000US06099003905,139531,28564
1400000US06099003906,53194,7866
1400000US06099003907,94395,15998
1400000US06099003908,42194,11305
1400000US06099003909,71556,11457
1400000US06099004000,100724,12853
1400000US06101050101,58906,16145
1400000US06101050102,55872,9556
1400000US06101050201,51593,9795
1400000US06101050202,78431,21680
1400000US06101050301,78846,13179
1400000US06101050302,54267,19087
1400000US06101050401,73827,5956
1400000US06101050402,102271,26385
1400000US06101050403,120179,36879
1400000US06101050501,72694,12898
1400000US06101050503,112616,23862
1400000US06101050504,98598,18269
1400000US06101050601,106250,23119
1400000US06101050603,71000,32460
1400000US06101050604,83628,25607
1400000US06101050701,64750,13899
1400000US06101050702,88869,23056
1400000US06101050800,97500,17840
1400000US06101050900,74063,9249
1400000US06101051000,96853,14255
1400000US06101051100,102500,9041
1400000US06103000100,71797,13326
1400000US06103000201,95076,16156
1400000US06103000202,57418,8216
1400000US06103000300,91513,23648
1400000US06103000400,103438,31120
1400000US06103000500,62083,21163
1400000US06103000600,52853,16646
1400000US06103000701,49750,10862
1400000US06103000702,54657,12844
1400000US06103000800,59896,15580
1400000US06103000900,48370,14220
1400000US06103001000,62722,10339
1400000US06103001101,75106,25051
1400000US06103001102,55978,17578
1400000US06105000101,45714,10453
1400000US06105000102,54923,28400
1400000US06105000200,55938,19201
1400000US06105000500,46479,27006
1400000US06107000101,87155,19028
1400000US06107000102,66438,14096
1400000US06107000202,63636,9117
1400000US06107000203,62679,28176
1400000US06107000204,53278,11290
1400000US06107000302,54348,14675
1400000US06107000303,92588,22918
1400000US06107000304,59549,8428
1400000US06107000401,79267,19528
1400000US06107000402,65972,17595
1400000US06107000501,39485,11288
1400000US06107000502,71042,25811
1400000US06107000600,60593,8877
1400000US06107000701,48537,17217
1400000US06107000702,45915,6068
1400000US06107000801,51795,18407
1400000US06107000802,79946,10135
1400000US06107000901,75383,13010
1400000US06107000902,98542,25779
1400000US06107001005,116346,44084
1400000US06107001006,86953,21162
1400000US06107001007,82381,44342
1400000US06107001008,137896,29392
1400000US06107001009,57210,8070
1400000US06107001010,69856,33329
1400000US06107001011,104485,24710
1400000US06107001012,107457,28172
1400000US06107001101,45495,11174
1400000US06107001102,51979,11328
1400000US06107001200,34286,17981
1400000US06107001303,78464,9188
1400000US06107001304,99115,13497
1400000US06107001305,57854,14972
1400000US06107001306,93411,24903
1400000US06107001400,88168,9329
1400000US06107001501,86043,10805
1400000US06107001502,72989,17322
1400000US06107001601,55222,17602
1400000US06107001602,54385,9397
1400000US06107001701,44615,8630
1400000US06107001703,107006,16618
1400000US06107001705,71184,27926
1400000US06107001706,91000,24581
1400000US06107001800,74306,10487
1400000US06107001901,86734,9547
1400000US06107001902,77250,26312
1400000US06107002002,82361,19153
1400000US06107002003,70442,7367
1400000US06107002004,92556,9707
1400000US06107002006,104844,25390
1400000US06107002008,56875,14104
1400000US06107002009,87209,15350
1400000US06107002010,108795,31615
1400000US06107002011,88875,29845
1400000US06107002100,66042,10662
1400000US06107002202,46660,6818
1400000US06107002203,66132,12885
1400000US06107002204,67368,16234
1400000US06107002302,75372,11569
1400000US06107002303,82049,12122
1400000US06107002304,60518,13930
1400000US06107002401,114167,31729
1400000US06107002402,102778,32328
1400000US06107002403,116033,27347
1400000US06107002500,95179,47036
1400000US06107002601,64158,18643
1400000US06107002602,55851,8960
1400000US06107002701,57202,13893
1400000US06107002702,87031,29283
1400000US06107002800,35865,22379
1400000US06107002901,48689,17461
1400000US06107002903,79659,11281
1400000US06107002904,58125,11627
1400000US06107003001,50731,10404
1400000US06107003002,52825,6129
1400000US06107003100,71500,7851
1400000US06107003201,51836,19769
1400000US06107003202,53073,6343
1400000US06107003301,46905,29949
1400000US06107003302,82461,19729
1400000US06107003401,51616,6191
1400000US06107003402,60313,19782
1400000US06107003501,71964,60189
1400000US06107003503,90197,18923
1400000US06107003504,70765,11422
1400000US06107003601,61500,14375
1400000US06107003602,65345,7868
1400000US06107003700,63342,23609
1400000US06107003801,58598,14085
1400000US06107003802,40359,8217
1400000US06107003902,41846,15170
1400000US06107003903,54629,14713
1400000US06107003904,37325,29038
1400000US06107004000,-666666666,-222222222
1400000US06107004102,60625,26721
1400000US06107004103,49329,9710
1400000US06107004104,48512,7012
1400000US06107004200,57344,11654
1400000US06107004301,44356,9061
1400000US06107004302,52243,5178
1400000US06107004401,55059,4418
1400000US06107004402,47292,12590
1400000US06107004500,69773,24482
1400000US06109001100,93094,20943
1400000US06109001200,46500,19381
1400000US06109002101,66316,15193
1400000US06109002102,61667,12991
1400000US06109002201,77474,44956
1400000US06109002202,109213,15198
1400000US06109003101,105180,26756
1400000US06109003102,88584,9149
1400000US06109003103,62059,8085
1400000US06109003200,80000,9918
1400000US06109004101,75721,19167
1400000US06109004102,77574,38426
1400000US06109004201,91042,20148
1400000US06109004202,66842,5788
1400000US06109005101,62333,14430
1400000US06109005102,100705,38598
1400000US06109005201,67692,29004
1400000US06109985202,-666666666,-222222222
1400000US06111000302,80777,19994
1400000US06111000303,115216,10862
1400000US06111000304,66471,31624
1400000US06111000400,103138,13749
1400000US06111000500,77917,36453
1400000US06111000600,61280,15582
1400000US06111000701,74827,10456
1400000US06111000702,106438,22790
1400000US06111000800,95625,33509
1400000US06111000901,133068,25183
1400000US06111000902,114750,31609
1400000US06111000903,80217,9698
1400000US06111001002,55764,8912
1400000US06111001101,93607,15213
1400000US06111001102,132500,27503
1400000US06111001201,98214,39356
1400000US06111001202,145000,27608
1400000US06111001204,86250,13718
1400000US06111001302,86046,3411
1400000US06111001303,108750,13081
1400000US06111001304,105580,10620
1400000US06111001401,119722,22195
1400000US06111001402,127048,31700
1400000US06111001506,116180,13593
1400000US06111001507,103894,24219
1400000US06111001508,86082,10567
1400000US06111001509,71164,10496
1400000US06111001510,73152,13740
1400000US06111001511,92546,24538
1400000US06111001602,114861,23459
1400000US06111001801,138348,22903
1400000US06111001901,122339,13014
1400000US06111002000,112778,13869
1400000US06111002102,102879,8461
1400000US06111002200,102744,33448
1400000US06111002301,74750,37350
1400000US06111002302,71017,6986
1400000US06111002400,62750,16314
1400000US06111002500,98377,16579
1400000US06111002600,116754,15225
1400000US06111002700,94241,13803
1400000US06111002800,103151,13557
1400000US06111002901,134861,31868
1400000US06111002905,132823,17848
1400000US06111003010,83250,17862
1400000US06111003011,77938,37845
1400000US06111003013,115263,21297
1400000US06111003101,108308,22141
1400000US06111003102,149196,16266
1400000US06111003201,71513,38579
1400000US06111003301,78304,17591
1400000US06111003302,93815,12048
1400000US06111003608,103929,24709
1400000US06111003613,96711,10201
1400000US06111003614,115022,11913
1400000US06111003615,99625,15779
1400000US06111003616,118750,38824
1400000US06111003617,94250,6250
1400000US06111003618,105913,49209
1400000US06111003700,93958,41721
1400000US06111003801,58929,16657
1400000US06111003802,73977,20843
1400000US06111003901,106875,30040
1400000US06111003902,108008,29054
1400000US06111004000,104712,32040
1400000US06111004101,79683,26506
1400000US06111004200,103304,32796
1400000US06111004304,87031,23929
1400000US06111004305,67083,22228
1400000US06111004400,106205,24803
1400000US06111004503,72902,13265
1400000US06111004504,77313,25053
1400000US06111004505,98000,19343
1400000US06111004507,70833,17875
1400000US06111004508,57361,5486
1400000US06111004600,67460,8374
1400000US06111004704,82552,12405
1400000US06111004710,107851,33740
1400000US06111004711,111310,25745
1400000US06111004715,85517,8828
1400000US06111004716,91603,6506
1400000US06111004717,121146,29767
1400000US06111004901,126966,21941
1400000US06111004902,100531,28515
1400000US06111005002,62132,28179
1400000US06111005004,111442,16200
1400000US06111005005,69083,10401
1400000US06111005006,79375,48450
1400000US06111005202,95508,13152
1400000US06111005203,130938,16223
1400000US06111005204,152428,5327
1400000US06111005205,141114,33565
1400000US06111005304,78056,16481
1400000US06111005305,214036,44874
1400000US06111005306,149646,9028
1400000US06111005307,140074,37041
1400000US06111005308,165833,20926
1400000US06111005401,118523,26929
1400000US06111005403,48086,12001
1400000US06111005404,116369,22186
1400000US06111005502,82700,16379
1400000US06111005503,91938,10773
1400000US06111005504,108932,23963
1400000US06111005601,133500,47655
1400000US06111005602,114250,25400
1400000US06111005700,122321,17884
1400000US06111005801,185465,17807
1400000US06111005803,144957,21089
1400000US06111005804,200781,13703
1400000US06111005901,147069,24584
1400000US06111005906,155726,21394
1400000US06111005907,109395,13596
1400000US06111005908,155729,20951
1400000US06111005909,121087,27656
1400000US06111005910,168182,28546
1400000US06111005911,97977,24328
1400000US06111006000,148843,21062
1400000US06111006101,140915,13985
1400000US06111006102,96250,22213
1400000US06111006200,169167,75525
1400000US06111006301,124917,48009
1400000US06111006302,118250,18090
1400000US06111006400,135924,37785
1400000US06111006500,117460,18290
1400000US06111006600,177219,25948
1400000US06111006700,150865,51192
1400000US06111006800,111250,33702
1400000US06111006900,76687,11405
1400000US06111007000,74588,32217
1400000US06111007100,54602,34758
1400000US06111007201,163511,21691
1400000US06111007202,149702,36161
1400000US06111007300,209750,71610
1400000US06111007402,204464,48711
1400000US06111007403,161667,31737
1400000US06111007405,165734,11545
1400000US06111007406,158939,26009
1400000US06111007505,118333,45096
1400000US06111007506,154063,30611
1400000US06111007507,243317,12241
1400000US06111007508,129500,21533
1400000US06111007509,137993,14120
1400000US06111007510,236923,40558
1400000US06111007511,216853,52013
1400000US06111007512,121375,25952
1400000US06111007513,124688,40441
1400000US06111007515,121778,37115
1400000US06111007516,79570,31613
1400000US06111007607,181090,35206
1400000US06111007609,184112,25033
1400000US06111007610,153417,7015
1400000US06111007611,110446,14207
1400000US06111007612,118508,27531
1400000US06111007613,184219,44791
1400000US06111007614,118889,24337
1400000US06111007700,107941,12577
1400000US06111007800,75186,14764
1400000US06111007901,102020,15224
1400000US06111007903,191227,21407
1400000US06111007904,124052,27139
1400000US06111008001,141691,17855
1400000US06111008002,99663,19080
1400000US06111008004,105430,22500
1400000US06111008005,114219,23013
1400000US06111008101,108750,12544
1400000US06111008201,126753,14855
1400000US06111008202,103170,23249
1400000US06111008302,105403,18129
1400000US06111008303,84135,29160
1400000US06111008304,110980,36431
1400000US06111008307,104663,16618
1400000US06111008308,202280,11215
1400000US06111008401,127303,14864
1400000US06111008402,167292,19824
1400000US06111008501,141983,40271
1400000US06111008502,143194,34042
1400000US06111008601,113654,44653
1400000US06111008602,52875,23149
1400000US06111008700,80964,29036
1400000US06111008800,101645,21614
1400000US06111008900,130625,44742
1400000US06111009100,55326,14227
1400000US06111009200,104250,14408
1400000US06111009300,182734,37577
1400000US06111009400,101375,9693
1400000US06111009500,88605,8195
1400000US06111009600,171250,22969
1400000US06111009700,84844,14414
1400000US06111980000,-666666666,-222222222
1400000US06111990100,-666666666,-222222222
1400000US06113010102,60234,24109
1400000US06113010103,72854,17188
1400000US06113010104,73130,3711
1400000US06113010105,62091,9169
1400000US06113010201,93234,20021
1400000US06113010203,30971,7303
1400000US06113010204,60908,8596
1400000US06113010310,127115,11081
1400000US06113010312,123531,10890
1400000US06113010313,156646,18074
1400000US06113010314,122253,13030
1400000US06113010315,118000,51767
1400000US06113010401,127147,41747
1400000US06113010402,163523,28453
1400000US06113010501,19081,3172
1400000US06113010505,124612,61913
1400000US06113010508,123347,27918
1400000US06113010509,111250,11696
1400000US06113010510,111780,43561
1400000US06113010511,95848,19804
1400000US06113010512,80234,27936
1400000US06113010513,74667,10718
1400000US06113010602,68234,9664
1400000US06113010605,156563,68169
1400000US06113010607,162656,47140
1400000US06113010608,57778,25221
1400000US06113010609,145893,47467
1400000US06113010610,66696,30847
1400000US06113010611,101761,53987
1400000US06113010701,60230,23256
1400000US06113010703,33643,22610
1400000US06113010704,93125,32862
1400000US06113010800,59805,12344
1400000US06113010901,73511,16306
1400000US06113010902,61283,10963
1400000US06113011001,77663,21676
1400000US06113011002,76484,30564
1400000US06113011101,70298,11948
1400000US06113011102,83993,13264
1400000US06113011103,104557,11010
1400000US06113011203,132463,26121
1400000US06113011204,132845,7192
1400000US06113011207,189043,27303
1400000US06113011208,122244,35602
1400000US06113011209,86941,23066
1400000US06113011210,117583,19924
1400000US06113011211,92478,57157
1400000US06113011301,83257,34573
1400000US06113011302,130192,16976
1400000US06113011303,123750,56324
1400000US06113011304,114219,106637
1400000US06113011400,66986,28174
1400000US06113011500,101833,11569
1400000US06115040100,46573,12146
1400000US06115040201,75313,19357
1400000US06115040202,63899,12769
1400000US06115040301,50561,23456
1400000US06115040302,46591,5963
1400000US06115040304,95045,19689
1400000US06115040305,109179,12455
1400000US06115040400,68295,13604
1400000US06115040500,78346,14812
1400000US06115040600,67907,10476
1400000US06115040701,120408,12122
1400000US06115040702,104109,18461
1400000US06115040800,92500,14640
1400000US06115040901,78167,10195
1400000US06115040902,60122,8862
1400000US06115041001,64545,37461
1400000US06115041002,91818,38580
1400000US06115041101,40064,9980
1400000US06115041102,61750,40077
